編號,車位類別,車位價格,車位面積平方公尺
RPVNMLLJNHMFFAF28EA,坡道平面,0,41.44
RPRPMLPJNHMFFEF68CA,坡道平面,850000,27.60
RPQNMLSJNHMFFEF68CA,坡道平面,0,29.20
RPQNMLSJNHMFFEF68CA,坡道平面,0,29.20
RPTNMLSJNHMFFEF98CA,坡道平面,1100000,29.20
RPRNMLSJNHMFFEF78CA,坡道平面,1000000,27.60
RPUOMLKKJHMFFGF28CA,坡道平面,0,32.09
RPUOMLKKJHMFFGF28CA,坡道平面,0,32.09
RPUOMLKKJHMFFGF28CA,坡道平面,0,32.09
RPWOMLKKJHMFFGF48CA,坡道平面,0,32.09
RPWOMLKKJHMFFGF48CA,坡道平面,0,32.09
RPWOMLKKJHMFFGF48CA,坡道平面,0,32.09
RPOPMLPJNHMFFEF38CA,坡道平面,0,27.60
RPOPMLPJNHMFFEF38CA,坡道平面,0,27.60
RPOPMLPJNHMFFEF38CA,坡道平面,0,29.20
RPRNMLSLMHMFFCF68CA,坡道平面,1900000,35.19
RPSPMLMJNHMFFAF28EA,坡道平面,2700000,32.94
RPOPMLLJNHMFFGF18CA,升降機械,0,24.84
RPWNMLSJKHMFFBF68CA,坡道平面,0,26.80
RPWNMLSJKHMFFBF68CA,坡道平面,0,24.74
RPOOMLNKKHMFFGF08CA,坡道平面,0,30.00
RPPOMLNKKHMFFGF18CA,坡道平面,0,30.00
RPQOMLLLKHMFFBF67CA,坡道平面,0,41.68
RPTOMLRLMHMFFBF78CA,坡道平面,1800000,25.13
RPOOMLOKKHMFFGF18CA,坡道平面,0,32.09
RPPOMLOKKHMFFGF28CA,坡道平面,0,32.09
RPQOMLOKKHMFFGF38CA,坡道平面,0,32.09
RPQOMLOKKHMFFGF38CA,坡道平面,0,32.09
RPTNMLRLMHMFFDF88CA,坡道平面,0,40.97
RPVSMLKLKHMFFBF48CA,坡道平面,0,
RPOQMLNJNHMFFHF58CA,坡道機械,1050000,40.10
RPOOMLNKLHMFFGF28DA,坡道機械,1300000,10.04
RPPNMLLLMHMFFCF97EA,坡道平面,2100000,18.37
RPQPMLLJNHMFFGF38CA,坡道平面,0,
RPROMLLKMHMFFGF38CA,塔式車位,1250000,15.21
RPUOMLOLLHMFFHF09CA,坡道平面,0,28.16
RPRNMLNLLHMFFIF68CA,坡道平面,0,21.72
RPWOMLQKLHMFFIF86CA,坡道機械,0,14.56
RPSOMLRKLHMFFIF56CA,坡道平面,0,40.51
RPSOMLRKLHMFFIF56CA,坡道平面,0,40.51
RPOQMLRJMHMFFHF88CA,坡道平面,0,
RPWPMLNKMHMFFHF66CA,坡道平面,0,
RPVNMLRKLHMFFBF78DA,坡道平面,1250000,33.84
RPWNMLRKLHMFFBF88DA,坡道平面,1250000,33.84
RPUNMLSKLHMFFBF78DA,坡道平面,1500000,30.79
RPUNMLSKLHMFFBF78DA,坡道平面,1500000,27.40
RPPNMLPLLHMFFBF08DA,坡道平面,1200000,
RPQNMLPLLHMFFCF28DA,坡道平面,2300000,12.94
RPVOMLTLLHMFFCF66DA,坡道平面,2500000,25.97
RPVOMLTLLHMFFCF66DA,坡道平面,2500000,25.97
RPOOMLNKMHMFFCF97DA,坡道平面,2000000,26.42
RPQPMLTLLHMFFEF56EA,坡道平面,0,29.92
RPPNMLOKLHMFFCF18CD,坡道平面,1800000,29.77
RPRNMLQKLHMFFBF18CA,坡道平面,0,
RPXOMLRKLHMFFBF98CA,坡道平面,0,
RPXOMLRKLHMFFBF98CA,坡道平面,0,
RPOPMLRKLHMFFBF18CA,坡道機械,0,28.31
RPSNMLKLLHMFFBF77CA,一樓平面,0,
RPVNMLKLLHMFFBF08CA,坡道平面,0,
RPQPMLKLLHMFFBF77CA,坡道平面,2250000,41.32
RPRPMLKLLHMFFBF87CA,坡道平面,0,41.32
RPRPMLKLLHMFFBF87CA,坡道平面,0,41.32
RPVNMLMLLHMFFBF28CA,坡道平面,0,
RPXSMLNLLHMFFBF09CA,升降機械,0,
RPTNMLOLLHMFFBF28CA,坡道平面,1600000,31.54
RPUOMLRJMHMFFAF58CA,坡道平面,0,32.35
RPQUNLQKLHMFFAF78CA,坡道平面,0,
RPWUNLQKLHMFFAF76CA,坡道平面,0,23.00
RPOPMLRKLHMFFAF08CA,坡道平面,0,30.31
RPOPMLRKLHMFFAF08CA,坡道平面,0,30.31
RPQNMLSKLHMFFAF18CA,坡道機械,0,21.10
RPVPMLLLLHMFFAF28CA,坡道平面,0,34.47
RPPNMLRKLHMFFCF18CA,坡道平面,0,44.03
RPUNMLSLLHMFFCF88CA,坡道平面,1800000,35.19
RPPPMLKKMHMFFBF67CA,坡道平面,2000000,32.64
SPPPMLKKMHMFFBF77CA,坡道平面,2150000,32.64
RPSPMLKKMHMFFBF97CA,坡道平面,2150000,32.64
RPUPMLKKMHMFFBF18CA,坡道平面,2100000,32.64
RPWPMLKKMHMFFBF38CA,坡道平面,2150000,32.64
RPXPMLKKMHMFFBF48CA,坡道平面,2000000,32.64
RPVQMLKKMHMFFBF38CA,坡道平面,2000000,32.64
SPVQMLKKMHMFFBF48CA,坡道平面,2000000,32.64
RPVPMLMKMHMFFBF48CA,坡道平面,0,28.26
RPSOMLSLLHMFFBF68CA,坡道平面,0,34.54
RPPQMLSLLHMFFBF58CA,坡道平面,1500000,24.86
RPUQMLSLLHMFFBF09CA,坡道平面,1500000,28.83
RPVRMLSLLHMFFBF66CA,坡道平面,1500000,32.05
RPPOMLLMLHMFFBF77CA,坡道平面,0,37.30
RPSNMLQJMHMFFBF28CA,坡道平面,0,26.73
RPSNMLQJMHMFFBF28CA,坡道平面,0,26.73
RPVSMLQJMHMFFBF09CA,坡道平面,0,
RPWOMLRJMHMFFBF88CA,坡道平面,0,26.55
RPTNMLKLLHMFFEF18CA,坡道平面,1400000,29.46
RPUNMLKLLHMFFEF28CA,坡道平面,1400000,29.46
RPUOMLMLLHMFFEF58CA,坡道平面,1400000,29.46
RPOQMLKKMHMFFDF87CA,坡道平面,0,
RPQNMLRKLHMFFDF38CA,坡道平面,0,36.31
RPTOMLMLLHMFFDF38CA,坡道平面,0,27.22
RPRNMLQLLHMFFDF48CA,坡道平面,0,
RPSNMLQLLHMFFDF58CA,坡道平面,0,
RPRNMLSLLHMFFDF68CA,坡道平面,1650000,37.10
RPSOMLKLLHMFFGF38CA,坡道平面,2300000,31.05
RPSOMLKLLHMFFGF38CA,坡道平面,2300000,31.05
RPROMLLLLHMFFGF38CA,坡道平面,1750000,31.17
RPUOMLSLLHMFFGF76CA,坡道平面,0,39.49
RPSOMLMKMHMFFEF38CA,坡道平面,0,41.79
RPWNMLMKMHMFFEF68CA,坡道平面,1150000,24.20
RPWNMLMKMHMFFEF68CA,坡道平面,1150000,24.20
RPOOMLMKMHMFFEF97CA,坡道平面,1250000,24.20
RPPOMLMKMHMFFEF08CA,坡道平面,1350000,26.17
RPPOMLMKMHMFFEF08CA,坡道平面,1350000,26.17
RPURMLNKMHMFFEF98CA,坡道機械,0,
RPPOMLQJMHMFFGF58CA,坡道平面,1890000,41.39
RPTOMLTLLHMFFGF76CA,塔式車位,0,1.70
RPTOMLLLLHMFFGF58CA,坡道平面,1950000,31.17
RPWQMLKLLHMFFGF98CA,坡道平面,2300000,31.05
RPWQMLKLLHMFFGF98CA,坡道平面,2300000,31.05
RPRNMLNLLHMFFDF18CA,坡道平面,0,37.10
RPRNMLNLLHMFFDF18CA,坡道平面,0,37.10
RPPNMLRJMHMFFDF28CA,坡道平面,1700000,24.23
RPUOMLPJMHMFFCF58CA,坡道平面,0,21.64
RPVQMLKMLHMFFEF78CA,坡道機械,0,15.57
RPUOMLLMLHMFFEF58CA,坡道機械,800000,15.58
RPUOMLLMLHMFFEF58CA,坡道平面,1400000,23.51
RPVNMLKLLHMFFEF38CA,坡道機械,0,
RPSNMLKLLHMFFEF08CA,坡道平面,1400000,29.58
RPSNMLKLLHMFFEF08CA,坡道平面,700000,29.58
RPQQMLLMLHMFFBF08CA,坡道平面,0,34.08
RPQQMLLMLHMFFBF08CA,坡道平面,0,34.08
RPVNMLPJMHMFFBF48CA,坡道平面,1900000,33.30
RPXNMLPJMHMFFBF68CA,坡道平面,1950000,33.30
RPPOMLPJMHMFFBF97CA,坡道平面,1950000,33.30
RPQOMLPJMHMFFBF08CA,坡道平面,1900000,33.30
RPROMLPJMHMFFBF18CA,坡道平面,1950000,33.30
RPSOMLPJMHMFFBF28CA,坡道平面,1900000,33.30
RPTOMLPJMHMFFBF38CA,坡道平面,1950000,33.30
RPRPMLTLLHMFFBF78CA,坡道平面,1900000,33.30
RPSPMLTLLHMFFBF88CA,坡道平面,1900000,33.30
RPWPMLTLLHMFFBF66CA,坡道平面,1900000,33.30
RPOOMLSLLHMFFBF28CA,坡道平面,1250000,21.84
RPOOMLSLLHMFFBF28CA,坡道平面,1050000,21.84
RPVUMLKMLHMFFBF88CA,坡道平面,0,45.41
RPVNMLNKMHMFFBF38CA,坡道平面,2000000,32.64
RPPOMLNKMHMFFBF87CA,坡道平面,1950000,28.54
RPQOMLNKMHMFFBF97CA,坡道平面,2000000,32.64
RPROMLNKMHMFFBF08CA,坡道平面,2000000,32.64
RPSOMLNKMHMFFBF18CA,坡道平面,2000000,32.64
RPTOMLNKMHMFFBF28CA,坡道平面,2000000,32.64
RPPNMLRKMHMFFBF18CA,坡道機械,0,
RPPNMLRLLHMFFCF28CA,坡道平面,0,26.42
RPVNMLLLLHMFFCF28CA,升降平面,0,
RPVRMLKMLHMFFAF48CA,升降機械,600000,10.62
RPWPMLKLLHMFFAF28CA,坡道平面,0,26.43
RPVNMLNLLHMFFBF38CA,升降平面,1800000,36.19
RPVNMLNLLHMFFBF38CA,升降平面,1800000,36.19
RPWNMLNLLHMFFBF48CA,坡道平面,1600000,36.19
RPVNMLQLLHMFFBF68CA,坡道機械,0,29.78
RPVNMLQLLHMFFBF68CA,坡道機械,0,29.78
RPPRMLLLLHMFFBF97CA,坡道平面,0,
RPOSMLLLLHMFFBF97CA,坡道平面,1520000,36.00
RPUQMLKLLHMFFBF28CA,坡道平面,1500000,21.57
RPUQMLKLLHMFFBF28CA,坡道平面,1500000,21.57
RPVNMLKLLHMFFHF88EA,坡道機械,800000,21.35
RPTOMLKLLHMFFHF78EA,坡道機械,800000,21.35
RPPOMLKLLHMFFAF67EA,升降機械,1370000,16.82
RPXOMLKLLHMFFAF48EA,坡道平面,0,46.71
RPOQMLMKMHMFFAF97EA,坡道平面,600000,27.23
RPUNMLKLLHMFFBF18EA,坡道平面,1200000,38.25
RPQPMLTKMHMFFEF56EA,坡道平面,0,16.94
RPQPMLTKMHMFFEF56EA,坡道平面,0,19.72
RPSOMLNLLHMFFDF58EA,坡道平面,0,
RPQNMLQLMHMFFCF58EA,坡道平面,0,39.22
RPSNMLLJNHMFFCF18EA,坡道平面,2100000,18.37
RPOOMLSKLHMFFHF88DA,坡道機械,1200000,6.57
RPQNMLQLLHMFFBF28DA,坡道平面,1500000,26.77
RPVNMLRLLHMFFBF88DA,坡道平面,1500000,26.53
RPOOMLOLLHMFFCF08DA,坡道平面,1500000,
RPROMLOLLHMFFCF38DA,坡道平面,2500000,37.59
RPOOMLLMLHMFFHF28CA,坡道平面,2150000,29.13
RPOOMLLMLHMFFHF28CA,坡道平面,2150000,29.13
RPPOMLLMLHMFFHF38CA,坡道平面,1850000,29.13
RPWOMLQJMHMFFHF76CA,坡道平面,0,39.90
RPWOMLQJMHMFFHF76CA,坡道平面,0,39.90
RPTNMLMLLHMFFHF68CA,坡道機械,0,
RPUQMLSKMHMFFGF96CA,坡道平面,0,39.06
RPUQMLSKMHMFFGF96CA,坡道平面,0,39.06
RPTQMLKLLHMFFHF78CA,坡道機械,0,36.66
RPRRMLKLLHMFFHF68CA,坡道平面,0,41.21
RPOPMLPLMHMFFGF68CA,坡道平面,0,30.24
RPTNMLLLLHMFFHF58CA,坡道平面,1850000,39.76
RPTOMLSLLHMFFIF86CA,坡道機械,0,17.44
RPQNMLNLLHMFFIF58CA,坡道平面,0,24.80
RPSPMLOLLHMFFIF09CA,坡道平面,0,27.81
RPPNMLOLLHMFFIF58CA,坡道平面,0,25.69
RPUPMLKMLHMFFIF98CA,坡道機械,0,9.11
RPXPMLSLLHMFFAF66DA,坡道平面,1800000,33.21
RPTNMLLLLHMFFCF18DA,坡道平面,0,39.60
RPTOMLLMLHMFFBF28DA,坡道平面,1750000,31.93
RPXOMLNLLHMFFBF78DA,坡道機械,1000000,20.14
RPQPMLNLLHMFFBF18DA,坡道平面,1800000,26.63
RPVNMLLLLHMFFBF28DA,坡道平面,1500000,19.52
RPQNMLPLLHMFFBF18DA,坡道平面,1900000,32.56
RPQNMLPLLHMFFBF18DA,坡道平面,1900000,32.56
RPTPMLLLLHMFFHF88DA,坡道平面,0,
RPUPMLLLLHMFFHF98DA,坡道機械,1600000,22.44
RPWNMLLLLHMFFGF88DA,坡道平面,1800000,31.16
RPUOMLQLMHMFFCF09EA,坡道平面,2600000,26.65
RPWOMLQLMHMFFCF66EA,坡道平面,2000000,31.96
RPOQMLKLLHMFFBF87EA,坡道平面,0,33.63
RPOQMLKLLHMFFBF87EA,坡道平面,0,33.63
RPUNMLLLLHMFFBF28EA,坡道平面,1700000,33.01
RPRNMLRLMHMFFAF58EA,坡道平面,0,
RPOOMLMLLHMFFHF38DA,坡道平面,2500000,31.09
RPVNMLKLLHMFFIF88DA,坡道平面,0,20.75
RPOPMLKLLHMFFIF38DA,坡道平面,1400000,38.32
RPSNMLLLLHMFFIF68DA,坡道平面,0,
RPWNMLMLLHMFFIF56DA,坡道機械,800000,16.02
RPQNMLLLLHMFFBF67CA,坡道平面,0,21.53
RPRNMLLLLHMFFBF77CA,坡道平面,0,21.53
RPQOMLLLLHMFFBF77CA,坡道機械,1300000,17.16
RPRNMLMLLHMFFBF87CA,升降平面,1800000,44.47
RPSRMLLLLHMFFBF28CA,坡道平面,2050000,43.36
RPWNMLMLLHMFFBF38CA,升降平面,1910000,44.47
RPSSMLNLLHMFFBF58CA,坡道平面,0,
RPSNMLNLLHMFFBF08CA,坡道平面,0,
RPTRMLMLLHMFFBF48CA,坡道平面,1600000,29.94
RPOOMLNLLHMFFBF77CA,坡道平面,0,
RPWQMLLLLHMFFAF48CA,坡道平面,0,
RPXNMLMLLHMFFAF38CA,坡道平面,0,31.48
RPWPMLNLLHMFFAF58CA,坡道平面,0,
RPXOMLNLLHMFFAF58CA,坡道機械,0,18.97
RPXQMLRLLHMFFAF56CA,其他,0,13.23
RPSPMLNLLHMFFAF18CA,坡道平面,0,29.53
RPUOMLLLLHMFFCF28CA,坡道平面,0,24.42
RPQNMLRLLHMFFCF38CA,坡道平面,0,28.96
RPTNMLOLLHMFFCF38CA,坡道平面,0,
RPWNMLSLLHMFFCF09CA,坡道平面,1900000,35.19
RPOOMLSLLHMFFCF38CA,坡道平面,0,35.19
RPOOMLSLLHMFFCF38CA,坡道平面,0,35.19
RPROMLOKMHMFFBF18CA,坡道平面,0,26.49
RPROMLKMLHMFFBF87CA,坡道機械,0,21.77
RPWOMLKMLHMFFBF38CA,坡道平面,1600000,39.78
RPXOMLKMLHMFFBF48CA,坡道平面,1600000,39.78
RPPPMLKMLHMFFBF77CA,坡道平面,1600000,39.78
RPSOMLLMLHMFFBF08CA,坡道平面,0,39.78
RPSOMLLMLHMFFBF08CA,坡道平面,0,39.78
RPTOMLQJMHMFFBF48CA,坡道平面,1800000,39.78
RPTOMLQJMHMFFBF48CA,坡道平面,1800000,39.78
SPTOMLQJMHMFFBF58CA,坡道平面,0,39.78
SPTOMLQJMHMFFBF58CA,坡道機械,0,19.89
SPTOMLQJMHMFFBF58CA,坡道機械,0,19.89
RPTRMLLLLHMFFEF68CA,坡道平面,0,30.04
RPPNMLTLLHMFFEF68CA,坡道平面,1600000,42.94
RPQNMLTLLHMFFEF78CA,坡道平面,1400000,42.94
RPRNMLTLLHMFFEF88CA,坡道平面,1400000,42.94
RPSNMLTLLHMFFEF98CA,坡道平面,1400000,42.94
RPTNMLTLLHMFFEF09CA,坡道平面,1400000,42.94
RPUNMLTLLHMFFEF56CA,坡道平面,1500000,42.94
RPVNMLTLLHMFFEF66CA,坡道平面,1500000,42.94
RPWNMLTLLHMFFEF76CA,坡道平面,1500000,42.94
RPRNMLNLLHMFFEF28CA,坡道平面,0,23.31
RPRNMLNLLHMFFEF28CA,坡道平面,0,23.31
RPTRMLKMLHMFFEF68CA,坡道平面,0,
RPVNMLMLLHMFFDF48CA,坡道平面,750000,24.75
RPUOMLMLLHMFFDF48CA,坡道平面,1200000,41.32
RPQPMLMLLHMFFDF18CA,坡道平面,0,
RPRPMLQJMHMFFCF48CA,坡道平面,1700000,29.75
RPWNMLRLLHMFFDF09CA,坡道平面,0,35.55
RPWOMLRLLHMFFGF86CA,坡道平面,0,26.18
RPWQMLLKMHMFFEF88CA,坡道平面,900000,36.32
RPOQMLSKMHMFFEF78CA,坡道平面,0,
RPPQMLSKMHMFFEF88CA,坡道平面,0,
RPUPMLPJMHMFFEF88CA,坡道機械,0,
RPWRMLPJMHMFFEF66CA,坡道平面,1350000,29.61
RPQQMLOKMHMFFEF58CA,坡道平面,0,38.21
RPXNMLNLLHMFFGF09CA,坡道平面,0,31.64
RPSOMLTLLHMFFDF98CA,坡道平面,0,
RPTNMLRJMHMFFDF68CA,坡道平面,0,23.03
RPVNMLRJMHMFFDF88CA,坡道平面,0,23.03
RPWNMLRJMHMFFDF98CA,坡道平面,0,23.03
RPOOMLRJMHMFFDF28CA,坡道平面,0,23.03
RPSNMLPJMHMFFCF28CA,坡道機械,0,
RPSNMLPJMHMFFCF28CA,坡道機械,0,
RPSNMLPJMHMFFCF28CA,坡道機械,0,
RPSNMLPJMHMFFCF28CA,坡道機械,0,
RPSNMLPJMHMFFCF28CA,坡道機械,0,
RPSNMLPJMHMFFCF28CA,坡道機械,0,
RPSNMLPJMHMFFCF28CA,坡道機械,0,
RPSNMLPJMHMFFCF28CA,坡道機械,0,
RPSNMLPJMHMFFCF28CA,坡道機械,0,
RPSNMLPJMHMFFCF28CA,坡道機械,0,
RPSNMLPJMHMFFCF28CA,坡道機械,0,
RPSNMLPJMHMFFCF28CA,坡道機械,0,
RPSNMLPJMHMFFCF28CA,坡道機械,0,
RPVQMLMLLHMFFDF78CA,坡道平面,0,
RPWRMLTLLHMFFEF17CA,坡道機械,0,25.35
RPQTMLKMLHMFFEF58CA,坡道機械,0,27.42
RPSNMLOLLHMFFEF48CA,坡道平面,0,29.20
RPPNMLRLMHMFFDF48CA,坡道平面,0,30.69
RPPNMLRLMHMFFDF48CA,坡道平面,0,30.69
RPPNMLRLMHMFFDF48CA,坡道平面,0,30.69
RPPNMLRLMHMFFDF48CA,坡道平面,0,30.69
RPPNMLRLMHMFFDF48CA,坡道平面,0,30.69
SPPNMLRLMHMFFDF58CA,坡道平面,0,30.69
SPPNMLRLMHMFFDF58CA,坡道平面,0,30.69
SPPNMLRLMHMFFDF58CA,坡道平面,0,30.69
SPPNMLRLMHMFFDF58CA,坡道平面,0,30.69
SPPNMLRLMHMFFDF58CA,坡道平面,0,30.69
TPPNMLRLMHMFFDF68CA,坡道平面,0,30.69
TPPNMLRLMHMFFDF68CA,坡道平面,0,30.69
TPPNMLRLMHMFFDF68CA,坡道平面,0,30.69
TPPNMLRLMHMFFDF68CA,坡道平面,0,30.69
TPPNMLRLMHMFFDF68CA,坡道平面,0,30.69
TPPNMLRLMHMFFDF68CA,坡道平面,0,30.69
UPPNMLRLMHMFFDF78CA,坡道平面,0,30.69
UPPNMLRLMHMFFDF78CA,坡道平面,0,30.69
UPPNMLRLMHMFFDF78CA,坡道平面,0,30.69
UPPNMLRLMHMFFDF78CA,坡道平面,0,30.69
UPPNMLRLMHMFFDF78CA,坡道平面,0,30.69
RPWOMLMLLHMFFEF78CA,坡道平面,1100000,35.17
RPXOMLMLLHMFFEF88CA,坡道平面,1100000,35.17
RPSRMLLLLHMFFEF58CA,坡道平面,0,30.04
RPXQMLSLLHMFFBF76CA,坡道平面,0,27.18
RPOPMLSKMHMFFBF38CA,坡道平面,1750000,58.47
RPOPMLSKMHMFFBF38CA,坡道平面,1750000,58.47
RPSNMLKMLHMFFCF97CA,坡道平面,0,30.67
RPRNMLOLLHMFFCF18CA,坡道平面,0,34.59
RPTOMLMLLHMFFCF28CA,坡道機械,0,11.51
RPSNMLRLLHMFFAF38CA,升降平面,0,14.05
RPWNMLMLLHMFFAF28CA,坡道平面,2750000,49.64
RPWNMLMLLHMFFAF28CA,坡道平面,2750000,49.64
RPSNMLMLLHMFFAF87CA,坡道平面,1800000,28.75
RPWOMLSKMHMFFAF98CA,坡道平面,0,25.38
RPWOMLSKMHMFFAF98CA,坡道平面,0,25.38
RPVROLLKMHMFFAF68CA,坡道機械,0,8.75
RPSPMLNLLHMFFBF28CA,坡道平面,0,42.54
RPXNMLNLLHMFFBF58CA,坡道平面,0,
RPTNMLRLLHMFFBF58CA,坡道平面,0,
RPQOMLMLLHMFFBF87CA,坡道平面,0,15.85
RPTOMLMLLHMFFBF18CA,坡道平面,0,
RPXNMLRJMHMFFHF07EA,升降機械,0,17.09
RPVOMLPLMHMFFGF86EA,坡道平面,0,32.56
RPVOMLPLMHMFFGF86EA,坡道平面,0,32.56
RPVNMLMLLHMFFGF98EA,坡道平面,0,
SPVNMLMLLHMFFGF09EA,坡道平面,0,
RPOOMLLLLHMFFIF38DA,坡道平面,0,36.74
RPQNMLPLLHMFFHF78DA,坡道機械,1800000,34.05
RPRNMLMLLHMFFBF08EA,坡道平面,1300000,38.25
RPSNMLMLLHMFFBF18EA,坡道平面,0,33.63
RPSNMLMLLHMFFBF18EA,坡道平面,0,33.63
RPQOMLMLLHMFFBF08EA,坡道平面,0,
RPTQMLLLMHMFFEF88EA,坡道平面,0,41.22
RPUQMLLLMHMFFEF98EA,坡道平面,0,14.12
RPVNMLLJNHMFFCF48EA,坡道平面,1550000,33.85
RPVNMLLJNHMFFCF48EA,坡道平面,1550000,33.85
RPVNMLLJNHMFFCF48EA,坡道平面,1550000,33.85
RPSPMLNLLHMFFDF58DA,坡道平面,1800000,24.23
RPOOMLOKMHMFFEF28DA,坡道平面,1200000,35.93
RPTPMLOLLHMFFEF88DA,升降機械,1000000,
RPVQMLNLLHMFFEF09DA,坡道平面,1200000,33.62
RPOOMLMLLHMFFEF08DA,坡道機械,0,17.30
RPOOMLMLLHMFFEF08DA,坡道機械,2000000,17.30
RPSPMLNLLHMFFGF88DA,坡道機械,1000000,17.69
RPPNMLMLLHMFFHF38DA,坡道平面,1600000,34.06
RPSNMLQLLHMFFBF48DA,坡道平面,0,13.59
RPOPMLNLLHMFFBF97DA,坡道平面,1300000,25.18
RPROMLLLLHMFFCF08DA,坡道平面,0,33.34
RPOOMLMLLHMFFIF38CA,坡道平面,1100000,16.46
RPTPMLKMLHMFFIF88CA,坡道平面,0,29.80
RPTPMLKMLHMFFIF88CA,坡道平面,0,29.80
RPQNMLKMLHMFFIF38CA,坡道平面,0,29.80
RPQNMLKMLHMFFIF38CA,坡道平面,0,29.80
RPUNMLSLLHMFFIF86CA,坡道機械,0,26.98
RPPOMLSLLHMFFHF98CA,坡道平面,0,26.57
RPVOMLRJMHMFFHF76CA,坡道平面,0,22.13
RPPPMLKMLHMFFHF38CA,坡道平面,1400000,33.75
RPVPMLLLLHMFFHF98CA,坡道平面,0,36.05
RPWOMLRKMHMFFGF86CA,坡道平面,0,23.39
RPTOMLSKMHMFFGF66CA,升降平面,0,
RPVNMLTLLHMFFHF96CA,升降機械,1900000,18.68
RPXNMLTLLHMFFHF17CA,升降機械,1800000,18.68
RPOOMLTLLHMFFHF98CA,升降機械,1800000,18.68
RPPOMLTLLHMFFHF09CA,升降機械,1900000,18.68
RPQOMLTLLHMFFHF56CA,升降機械,1800000,18.68
RPROMLTLLHMFFHF66CA,升降機械,1900000,18.68
RPTOMLTLLHMFFHF86CA,升降機械,1800000,18.68
RPUOMLTLLHMFFHF96CA,升降機械,1800000,18.68
RPVOMLTLLHMFFHF07CA,升降機械,1900000,18.68
RPUNMLRLLHMFFHF66CA,升降機械,0,8.72
RPVNMLSLLHMFFHF86CA,坡道平面,2100000,39.90
SPVNMLSLLHMFFHF96CA,坡道平面,1980000,39.90
RPXOMLTLLHMFFHF27CA,升降機械,1800000,18.68
RPXNMLKMLHMFFHF98CA,升降機械,1900000,18.68
RPXOMLMLLHMFFIF66CA,坡道平面,0,28.76
RPPOMLNLLHMFFIF58CA,坡道平面,0,41.63
RPWNMLOLLHMFFIF66CA,坡道平面,0,43.31
RPQPMLKMLHMFFIF58CA,坡道平面,0,
RPXOMLPJMHMFFIF86CA,坡道平面,900000,32.72
RPQOMLMLLHMFFIF58CA,坡道機械,850000,7.03
RPVRMLLKMHMFFHF56CA,坡道平面,0,18.57
RPVRMLLKMHMFFHF56CA,坡道平面,0,18.57
RPQNMLMKMHMFFHF38CA,坡道平面,1500000,33.07
RPQNMLMKMHMFFHF38CA,坡道平面,1500000,33.07
RPQNMLMKMHMFFHF38CA,坡道平面,1500000,33.07
RPQNMLMKMHMFFHF38CA,坡道平面,1500000,33.07
RPQNMLMKMHMFFHF38CA,坡道平面,1500000,33.07
RPQNMLMKMHMFFHF38CA,坡道平面,1500000,33.07
RPQNMLMKMHMFFHF38CA,坡道平面,1500000,33.07
RPQNMLMKMHMFFHF38CA,坡道平面,1500000,33.07
RPQNMLMKMHMFFHF38CA,坡道平面,1500000,33.07
RPQNMLMKMHMFFHF38CA,坡道平面,1500000,33.07
RPQNMLMKMHMFFHF38CA,坡道平面,1500000,33.07
RPQNMLMKMHMFFHF38CA,坡道平面,1500000,33.07
RPQNMLMKMHMFFHF38CA,坡道平面,1500000,33.07
RPQNMLMKMHMFFHF38CA,坡道平面,1500000,33.07
RPVOMLMKMHMFFHF98CA,升降機械,0,4.87
RPROMLKKMHMFFHF38CA,塔式車位,1200000,
RPTOMLNKMHMFFIF98CA,坡道平面,0,
RPPOMLNLLHMFFAF87DA,坡道平面,1800000,
RPROMLMLLHMFFAF97DA,坡道平面,2000000,29.53
RPXOMLSLLHMFFAF56DA,坡道平面,1800000,
RPQNMLNLLHMFFCF08DA,坡道平面,0,24.85
RPQNMLNLLHMFFCF08DA,坡道平面,0,24.85
RPRNMLNLLHMFFCF18DA,坡道平面,1550000,24.85
RPRNMLQLLHMFFBF38DA,坡道平面,1500000,29.72
RPRNMLPLLHMFFGF78DA,坡道平面,2000000,32.44
RPQOMLOLLHMFFGF68DA,坡道平面,2200000,30.00
RPSNMLSLLHMFFEF98DA,坡道機械,0,32.33
RPVNMLOLMHMFFEF09EA,坡道平面,0,
RPXOMLOLMHMFFEF76EA,坡道平面,0,41.28
RPQPMLOLMHMFFEF78EA,坡道平面,1500000,31.36
RPOOMLNLLHMFFBF97EA,坡道平面,0,
RPTOMLRLLHMFFIF86DA,坡道機械,1200000,10.79
RPTNMLNLLHMFFIF98DA,坡道平面,0,32.46
RPSNMLRLMHMFFIF86EA,坡道平面,0,47.08
RPOOMLRLLHMFFBF18CA,坡道平面,0,39.13
RPOOMLRLLHMFFBF18CA,坡道平面,0,39.13
RPPOMLRLLHMFFBF28CA,坡道平面,0,39.97
RPVPMLOLLHMFFBF68CA,坡道平面,0,15.85
RPRQMLOLLHMFFBF38CA,坡道平面,1500000,37.26
RPXOMLRLLHMFFBF09CA,坡道平面,0,31.38
RPOPMLRLLHMFFBF28CA,坡道平面,1000000,37.27
RPWPMLNLLHMFFBF68CA,坡道機械,0,
RPVOMLQJMHMFFAF58CA,坡道平面,2300000,29.12
RPTPMLMLLHMFFAF18CA,坡道平面,0,33.05
RPUPMLMLLHMFFAF28CA,坡道平面,0,33.05
RPRSMLNLLHMFFAF38CA,坡道機械,1600000,3.57
RPSNMLNLLHMFFCF18CA,坡道平面,0,44.29
RPSOMLNLLHMFFCF28CA,升降機械,0,
RPQOMLOLLHMFFCF18CA,坡道平面,0,
RPQNMLSLLHMFFCF48CA,坡道平面,0,40.13
RPSPMLSLLHMFFCF88CA,坡道平面,0,
RPTPMLSLLHMFFCF98CA,坡道平面,1400000,29.27
RPPPMLSKMHMFFBF48CA,坡道平面,1950000,27.75
RPPPMLSKMHMFFBF48CA,坡道平面,1800000,23.87
RPPPMLSKMHMFFBF48CA,坡道平面,1700000,23.87
RPTOMLKLMHMFFBF08CA,坡道平面,0,
RPPPMLRKMHMFFBF38CA,升降機械,0,16.79
RPTOMLSLLHMFFBF78CA,坡道平面,2000000,42.84
RPPOMLSLLHMFFBF38CA,坡道平面,2000000,42.84
RPQOMLSLLHMFFBF48CA,坡道平面,2000000,42.84
RPROMLSLLHMFFBF58CA,坡道平面,2000000,42.84
RPTNMLSLLHMFFBF68CA,坡道平面,0,30.88
RPTNMLSLLHMFFBF68CA,坡道平面,0,30.88
RPUQMLKMLHMFFBF38CA,坡道平面,0,48.13
RPXPMLQJMHMFFBF98CA,坡道平面,0,
RPROMLLMLHMFFBF97CA,坡道平面,0,35.04
RPQRMLNLLHMFFEF58CA,坡道平面,0,25.58
RPWQMLMLLHMFFEF98CA,坡道平面,2500000,31.52
RPWOMLNKMHMFFDF78CA,坡道平面,0,32.89
RPSNMLPLMHMFFDF58CA,坡道平面,1750000,37.10
RPTNMLPLMHMFFDF68CA,坡道平面,0,37.10
RPTNMLPLMHMFFDF68CA,坡道平面,0,37.10
RPTNMLOLLHMFFEF58CA,坡道平面,0,29.20
RPWOMLLMLHMFFEF78CA,坡道平面,1300000,23.51
RPSNMLSKMHMFFCF68CA,坡道平面,0,24.92
RPSNMLSKMHMFFCF68CA,坡道平面,0,24.92
RPVNMLLMLHMFFDF48CA,坡道平面,700000,16.36
RPSOMLSLLHMFFDF88CA,坡道平面,0,36.95
RPUOMLRLLHMFFDF98CA,坡道平面,0,32.98
RPUOMLRLLHMFFDF98CA,坡道平面,0,32.98
RPVOMLRLLHMFFDF09CA,坡道平面,1600000,32.98
RPPNMLQLLHMFFFF48CA,升降平面,0,32.85
RPVNMLLLMHMFFFF68CA,升降平面,0,32.85
RPTNMLOLLHMFFGF78CA,坡道平面,0,29.90
RPXOMLOLLHMFFGF66CA,坡道平面,1200000,40.99
RPQPMLRLLHMFFGF98CA,坡道平面,0,
RPSPMLLMLHMFFGF68CA,坡道平面,1500000,47.96
RPQOMLLMLHMFFGF38CA,坡道平面,0,
RPVNMLRJMHMFFGF56CA,坡道平面,2200000,34.45
RPXRMLPJMHMFFEF76CA,坡道平面,1350000,29.61
RPTNMLMKMHMFFEF38CA,坡道平面,1350000,26.17
RPUNMLMKMHMFFEF48CA,坡道平面,1350000,26.17
RPPNMLPLMHMFFEF38CA,坡道平面,0,31.36
RPPNMLPLMHMFFEF38CA,坡道平面,0,31.36
RPQNMLPLMHMFFEF48CA,坡道平面,0,31.36
RPQNMLPLMHMFFEF48CA,坡道平面,0,31.36
RPRNMLPLMHMFFEF58CA,坡道平面,0,31.36
RPRNMLPLMHMFFEF58CA,坡道平面,0,31.36
RPWNMLRJMHMFFGF66CA,坡道平面,2200000,34.45
RPUOMLLMLHMFFGF78CA,坡道平面,0,
RPXNMLKMLHMFFGF88CA,其他,0,12.12
RPROMLSLLHMFFDF78CA,坡道平面,0,
RPUPMLRJMHMFFDF98CA,其他,0,
RPXOMLQJMHMFFCF98CA,坡道平面,1700000,31.69
RPOPMLQJMHMFFCF18CA,坡道平面,1900000,31.69
RPWNMLQJMHMFFCF78CA,坡道平面,0,25.01
SPWNMLQJMHMFFCF88CA,坡道平面,0,25.01
RPXOMLPJMHMFFCF88CA,坡道平面,0,25.01
SPXOMLPJMHMFFCF98CA,坡道平面,0,25.01
RPSOMLKLMHMFFCF08CA,坡道平面,0,
RPRPMLQJMHMFFEF68CA,坡道平面,0,31.51
RPWNMLRLLHMFFEF56CA,坡道平面,0,27.18
RPQOMLRLLHMFFEF68CA,坡道平面,0,38.27
RPVOMLRLLHMFFEF56CA,坡道平面,0,21.01
RPVPMLRLLHMFFEF66CA,坡道平面,0,
RPWNMLPLMHMFFDF98CA,坡道平面,0,30.69
RPWNMLPLMHMFFDF98CA,坡道平面,0,30.69
RPWNMLPLMHMFFDF98CA,坡道平面,0,30.69
RPWNMLPLMHMFFDF98CA,坡道平面,0,30.69
RPWNMLPLMHMFFDF98CA,坡道平面,0,30.69
RPOOMLPLMHMFFDF28CA,坡道平面,0,30.69
RPOOMLPLMHMFFDF28CA,坡道平面,0,30.69
RPOOMLPLMHMFFDF28CA,坡道平面,0,30.69
RPOOMLPLMHMFFDF28CA,坡道平面,0,30.69
RPOOMLPLMHMFFDF28CA,坡道平面,0,30.69
SPOOMLPLMHMFFDF38CA,坡道平面,0,30.69
SPOOMLPLMHMFFDF38CA,坡道平面,0,30.69
SPOOMLPLMHMFFDF38CA,坡道平面,0,30.69
SPOOMLPLMHMFFDF38CA,坡道平面,0,30.69
SPOOMLPLMHMFFDF38CA,坡道平面,0,30.69
SPOOMLPLMHMFFDF38CA,坡道平面,0,30.69
RPQOMLOLLHMFFEF38CA,坡道平面,1200000,23.31
RPUOMLOLLHMFFEF78CA,升降機械,0,
RPUPMLOLLHMFFEF88CA,坡道機械,0,20.20
RPXNMLLMLHMFFBF48CA,坡道平面,0,45.65
RPQOMLLMLHMFFBF87CA,坡道平面,0,32.48
RPUOMLLMLHMFFBF28CA,坡道平面,1500000,38.51
RPXOMLLMLHMFFBF58CA,坡道平面,1500000,38.51
RPPPMLLMLHMFFBF87CA,坡道平面,1450000,38.51
RPORMLPJMHMFFBF18CA,坡道平面,0,28.12
RPSOMLKKMHMFFBF87CA,坡道平面,1900000,33.30
RPRRMLKMLHMFFBF18CA,坡道平面,0,33.79
RPVVMLKMLHMFFBF98CA,坡道平面,0,
RPTNMLSKMHMFFBF68CA,坡道平面,2150000,32.64
RPUNMLSKMHMFFBF78CA,坡道平面,1950000,28.54
RPROMLRKMHMFFBF48CA,坡道平面,2100000,39.26
RPTRMLNKMHMFFBF58CA,坡道平面,1600000,38.50
RPURMLNKMHMFFBF68CA,坡道平面,1550000,44.73
RPPOMLOLLHMFFCF08CA,坡道平面,0,25.97
RPWOMLTLLHMFFAF09CA,坡道平面,0,
RPQNMLSLLHMFFAF28CA,坡道平面,1600000,39.69
RPQPMLOLLHMFFAF08CA,坡道平面,0,27.23
RPPQMLOLLHMFFAF08CA,坡道平面,1200000,1.60
RPPNMLRLLHMFFAF08CA,坡道平面,1750000,26.43
RPQNMLRLLHMFFAF18CA,坡道平面,1850000,26.43
RPPQMLQJMHMFFAF18CA,坡道平面,1300000,33.09
SPPQMLQJMHMFFAF28CA,坡道平面,1300000,33.09
TPPQMLQJMHMFFAF38CA,坡道平面,1300000,33.09
RPQOMLOLLHMFFBF08CA,坡道平面,0,
RPROMLRLLHMFFBF48CA,坡道平面,0,39.97
RPSOMLRLLHMFFBF58CA,坡道平面,0,39.97
RPWQMLOLLHMFFBF88CA,坡道平面,0,39.33
RPROMLNLLHMFFIF88DA,坡道平面,0,33.84
RPTQMLOLLHMFFHF66DA,坡道平面,2000000,23.10
RPORMLOLLHMFFHF88DA,坡道平面,1780000,26.37
RPTRMLOLLHMFFHF76DA,坡道平面,2000000,20.25
RPPNMLLMLHMFFDF08EA,坡道平面,0,
RPXQMLKLMHMFFBF88EA,坡道平面,2300000,35.95
RPXQMLKLMHMFFBF88EA,坡道平面,2300000,35.95
RPPRMLKLMHMFFBF18EA,坡道平面,2300000,35.95
RPPRMLKLMHMFFBF18EA,坡道平面,2300000,35.95
RPWNMLKMLHMFFDF58DA,坡道平面,1600000,27.58
RPQOMLOLMHMFFCF38DA,坡道機械,0,
RPROMLNLLHMFFEF48DA,坡道平面,1200000,36.52
RPSOMLNLLHMFFEF58DA,坡道平面,1200000,36.52
RPTOMLNLLHMFFEF68DA,坡道平面,1100000,36.52
RPUOMLNLLHMFFEF78DA,坡道平面,1200000,36.52
RPVOMLNLLHMFFEF88DA,坡道平面,1100000,36.52
RPWOMLNLLHMFFEF98DA,坡道平面,1200000,36.52
RPXOMLNLLHMFFEF09DA,坡道平面,1400000,36.52
RPOPMLNLLHMFFEF28DA,坡道平面,1100000,36.52
RPPPMLNLLHMFFEF38DA,坡道平面,1100000,36.52
RPQPMLNLLHMFFEF48DA,坡道平面,1100000,36.52
RPSPMLNLLHMFFEF68DA,坡道平面,1100000,36.52
RPTPMLNLLHMFFEF78DA,坡道平面,1200000,36.52
RPVPMLNLLHMFFEF98DA,坡道平面,1100000,36.52
RPWPMLNLLHMFFEF09DA,坡道平面,1400000,36.52
RPWPMLNLLHMFFEF09DA,坡道平面,1400000,36.52
RPXPMLNLLHMFFEF56DA,坡道平面,1100000,36.52
RPOQMLNLLHMFFEF38DA,坡道平面,1100000,36.52
RPUNMLPLLHMFFGF09DA,升降平面,1500000,20.10
RPXPMLNLLHMFFGF76DA,坡道平面,1700000,
RPOQMLNLLHMFFGF58DA,坡道平面,1800000,29.93
RPSNMLSLLHMFFGF56DA,坡道平面,1800000,31.82
RPQPMLLKMHMFFHF48CA,坡道平面,2400000,31.32
RPSQMLLKMHMFFHF78CA,坡道平面,3000000,31.32
RPSQMLLKMHMFFHF78CA,坡道平面,3100000,31.32
RPTQMLLKMHMFFHF88CA,坡道平面,3100000,31.32
RPTQMLLKMHMFFHF88CA,坡道平面,3100000,31.32
RPUQMLLKMHMFFHF98CA,坡道平面,2700000,31.32
RPUQMLLKMHMFFHF98CA,坡道平面,2700000,31.32
RPVQMLLKMHMFFHF09CA,坡道平面,3300000,31.32
RPVQMLLKMHMFFHF09CA,坡道平面,2800000,31.32
RPXQMLLKMHMFFHF66CA,坡道平面,2400000,31.32
RPORMLLKMHMFFHF48CA,坡道平面,3200000,31.32
RPORMLLKMHMFFHF48CA,坡道平面,3300000,31.32
RPQRMLLKMHMFFHF68CA,坡道平面,3300000,31.32
RPQRMLLKMHMFFHF68CA,坡道平面,3300000,31.32
RPOOMLPLMHMFFHF68CA,坡道平面,0,33.38
RPQPMLPJMHMFFIF88CA,坡道平面,0,34.89
RPWNMLRJMHMFFIF86CA,坡道平面,0,32.71
RPVPMLKMLHMFFIF09CA,坡道平面,0,27.54
RPTOMLKMLHMFFIF78CA,坡道平面,0,38.03
RPQPMLOLLHMFFIF88CA,坡道平面,0,26.46
RPVNMLTLLHMFFIF07CA,坡道平面,1170000,29.36
RPUQMLOLLHMFFHF66CA,其他,0,33.34
RPPNMLRLLHMFFHF78CA,坡道機械,1050000,23.50
RPUNMLKMLHMFFHF68CA,坡道平面,0,25.35
RPUNMLKMLHMFFHF68CA,坡道平面,0,25.35
RPUNMLKMLHMFFHF68CA,坡道平面,0,25.35
RPUOMLSLLHMFFHF86CA,坡道平面,0,46.74
RPROMLSLLHMFFIF66CA,坡道平面,0,
RPRPMLOLLHMFFIF98CA,坡道機械,800000,7.03
RPVNMLLMLHMFFIF98CA,坡道平面,0,29.80
RPTPMLLLMHMFFHF88CA,坡道機械,0,
RPQQMLLKMHMFFHF58CA,坡道平面,2600000,31.32
RPQQMLLKMHMFFHF58CA,坡道平面,2600000,31.32
RPQQMLLKMHMFFHF58CA,坡道平面,2600000,31.32
RPRQMLLKMHMFFHF68CA,坡道平面,2400000,31.32
RPWQMLLKMHMFFHF56CA,坡道平面,3000000,31.32
RPUPMLLKMHMFFHF88CA,坡道平面,2300000,31.32
RPXOMLLKMHMFFHF09CA,坡道平面,2400000,31.32
RPOPMLLKMHMFFHF28CA,坡道平面,2700000,31.32
RPOPMLLKMHMFFHF28CA,坡道平面,2800000,31.32
RPPPMLLKMHMFFHF38CA,坡道平面,2700000,31.32
RPSPMLOLLHMFFBF48DA,坡道平面,0,
RPQNMLQLLHMFFGF78DA,坡道平面,1800000,30.44
RPXNMLRJMHMFFCF09DA,升降平面,0,29.82
RPOPMLMJNHMFFCF08EA,坡道平面,0,33.76
RPSQMLLLMHMFFBF48EA,坡道平面,2300000,24.78
RPSQMLLMLHMFFBF48EA,坡道平面,0,
RPQNMLSLLHMFFDF78EA,坡道平面,0,
RPPNMLKKMHMFFEF97EA,坡道平面,0,45.53
RPXNMLSLLHMFFAF56EA,坡道平面,1600000,29.75
RPPRMLOLLHMFFBF48EA,坡道平面,1750000,29.89
RPURMLOLLHMFFBF98EA,坡道平面,1700000,29.89
RPVRMLOLLHMFFBF09EA,坡道平面,1700000,29.89
RPSOMLTLLHMFFBF98EA,坡道平面,0,
RPQNMLSKMHMFFGF98DA,坡道平面,0,33.54
RPQNMLSKMHMFFGF98DA,坡道平面,0,33.54
RPRNMLKMLHMFFHF48DA,坡道機械,1700000,17.09
RPXNMLSLLHMFFIF27DA,坡道平面,0,42.33
RPVOMLSLLHMFFIF17DA,坡道平面,1200000,25.70
RPTPMLOLLHMFFIF66DA,坡道平面,0,42.33
RPPNMLPLLHMFFIF78DA,坡道平面,1500000,27.54
RPQNMLPLLHMFFIF88DA,坡道平面,1250000,27.43
RPQNMLPLLHMFFIF88DA,坡道平面,1250000,27.43
RPOOMLKKMHMFFHF18DA,坡道平面,0,
RPSNMLTLLHMFFIF86DA,坡道平面,0,29.84
RPOPMLNJNHMFFGF58EA,坡道平面,0,14.08
RPOPMLNJNHMFFGF58EA,坡道平面,0,14.08
RPPPMLNJNHMFFGF68EA,坡道平面,0,38.26
RPOOMLRLLHMFFHF98EA,坡道平面,0,30.29
RPTOMLRLLHMFFBF68CA,坡道平面,0,34.54
RPVOMLRLLHMFFBF88CA,坡道平面,0,39.18
RPOOMLTKMHMFFAF28CA,坡道機械,0,
RPWPMLMKMHMFFAF48CA,坡道平面,2000000,39.24
RPOROLLKMHMFFAF97CA,坡道平面,1376200,32.43
RPOROLLKMHMFFAF97CA,坡道平面,1376700,32.43
RPOROLLKMHMFFAF97CA,坡道平面,1376700,32.43
RPOROLLKMHMFFAF97CA,坡道平面,1376700,32.43
RPOROLLKMHMFFAF97CA,坡道平面,1376700,32.43
RPOROLLKMHMFFAF97CA,坡道平面,1376700,32.43
RPOROLLKMHMFFAF97CA,坡道平面,1376700,32.43
RPOROLLKMHMFFAF97CA,坡道平面,1376700,32.43
RPOROLLKMHMFFAF97CA,坡道平面,1376700,32.43
RPOROLLKMHMFFAF97CA,坡道平面,1376700,32.43
RPOROLLKMHMFFAF97CA,坡道平面,1376700,32.43
RPOROLLKMHMFFAF97CA,坡道平面,1376700,32.43
RPOROLLKMHMFFAF97CA,坡道平面,1376700,32.43
RPOROLLKMHMFFAF97CA,坡道平面,1376700,32.43
RPOROLLKMHMFFAF97CA,坡道平面,1376700,33.42
RPRQMLOLLHMFFAF28CA,坡道平面,0,42.71
RPSQMLOLLHMFFAF38CA,坡道平面,0,
RPXPMLOLLHMFFAF78CA,坡道平面,2300000,22.87
TPXPMLTLLHMFFAF86CA,坡道平面,0,39.24
RPRNMLTLLHMFFCF68CA,坡道平面,0,
RPTPMLLKMHMFFBF18CA,坡道平面,0,
RPUOMLLKMHMFFBF18CA,坡道平面,0,24.55
RPUOMLLKMHMFFBF18CA,坡道平面,0,21.22
RPVOMLLKMHMFFBF28CA,坡道平面,0,24.55
RPSNMLLKMHMFFBF87CA,坡道平面,1300000,21.43
RPRQMLKKMHMFFBF97CA,坡道平面,0,
RPUNMLOKMHMFFBF38CA,坡道平面,1700000,44.73
RPUNMLLLMHMFFBF18CA,坡道平面,1500000,35.92
RPVRMLOKMHMFFBF88CA,坡道平面,1600000,30.56
RPWRMLOKMHMFFBF98CA,坡道平面,1600000,30.56
RPOSMLOKMHMFFBF28CA,坡道平面,1450000,30.56
RPSOMLRKMHMFFBF58CA,坡道平面,1350000,30.56
RPUNMLNKMHMFFBF28CA,坡道平面,1400000,35.57
RPOPMLSLLHMFFBF38CA,坡道平面,1200000,27.38
RPTRMLTLLHMFFBF56CA,坡道平面,2150000,42.68
RPRPMLKMLHMFFBF97CA,坡道機械,0,19.89
RPRPMLKMLHMFFBF97CA,坡道機械,0,19.89
RPUNMLPJMHMFFBF38CA,坡道平面,0,45.22
RPUNMLPJMHMFFBF38CA,坡道平面,0,45.22
RPRNMLLMLHMFFBF87CA,坡道平面,0,
RPTNMLLMLHMFFBF08CA,坡道平面,1600000,29.94
RPUNMLLMLHMFFBF18CA,坡道平面,1550000,29.94
RPWNMLLMLHMFFBF38CA,坡道平面,1800000,39.78
RPWNMLLMLHMFFBF38CA,坡道平面,1800000,39.78
RPSOMLRLLHMFFEF88CA,坡道平面,1400000,29.58
RPOOMLRLLHMFFEF48CA,坡道平面,1250000,44.89
RPWPMLTLLHMFFEF96CA,坡道平面,1400000,29.46
RPRPMLTLLHMFFEF09CA,坡道平面,1400000,29.46
RPSPMLTLLHMFFEF56CA,坡道平面,1250000,29.46
RPTPMLTLLHMFFEF66CA,坡道平面,1250000,29.46
RPUPMLKMLHMFFEF58CA,坡道平面,0,
RPPOMLNKMHMFFCF97CA,坡道平面,0,25.01
RPQOMLLMLHMFFDF08CA,坡道機械,0,
RPWOMLRJMHMFFDF09CA,坡道平面,0,
RPRNMLKMLHMFFDF97CA,坡道機械,0,
RPRNMLKMLHMFFDF97CA,坡道機械,0,
RPSNMLRLLHMFFGF98CA,坡道平面,0,
RPVNMLKMLHMFFGF68CA,坡道平面,0,
RPVNMLKMLHMFFGF68CA,坡道平面,0,
RPXPMLTLLHMFFGF27CA,坡道平面,0,18.01
RPXPMLTLLHMFFGF27CA,坡道平面,0,32.54
RPVPMLRLLHMFFGF86CA,坡道機械,0,
RPVPMLOKMHMFFEF98CA,坡道平面,0,12.94
RPRNMLTKMHMFFEF88CA,坡道平面,1900000,36.64
RPPOMLKLMHMFFEF97CA,坡道機械,1000000,31.55
RPPNMLMKMHMFFEF97CA,坡道平面,0,29.92
RPPNMLMKMHMFFEF97CA,坡道平面,0,29.92
RPTNMLLMLHMFFEF38CA,坡道平面,1200000,35.17
RPOSMLPJMHMFFEF58CA,坡道平面,1350000,29.61
RPUNMLLKMHMFFGF58CA,坡道平面,0,
RPWNMLSLLHMFFGF86CA,坡道平面,0,30.00
RPOOMLSLLHMFFGF78CA,坡道平面,1900000,30.00
RPVOMLSLLHMFFDF56CA,坡道機械,0,
RPUOMLRJMHMFFDF88CA,坡道平面,0,
RPWOMLPJMHMFFCF78CA,坡道平面,0,37.91
RPPPMLPLMHMFFCF38CA,坡道平面,1850000,16.02
RPQPMLPLMHMFFCF48CA,坡道平面,1950000,16.02
RPRPMLPLMHMFFCF58CA,坡道平面,2000000,18.37
RPVOMLSLLHMFFEF66CA,坡道平面,1200000,21.24
RPXNMLTLLHMFFEF86CA,坡道平面,1400000,42.94
RPOPMLPJMHMFFBF97CA,坡道平面,1800000,32.40
RPPRMLQJMHMFFBF38CA,坡道平面,0,40.49
RPPRMLQJMHMFFBF38CA,坡道平面,0,40.49
RPPRMLQJMHMFFBF38CA,坡道平面,0,40.49
RPUPMLKMLHMFFBF28CA,坡道平面,1700000,39.78
RPVPMLKMLHMFFBF38CA,坡道平面,1500000,39.78
RPWPMLKMLHMFFBF48CA,坡道平面,1500000,39.78
RPUUMLKMLHMFFBF78CA,坡道平面,0,26.52
RPXRMLKMLHMFFBF78CA,坡道平面,1800000,39.78
RPOSMLKMLHMFFBF97CA,坡道平面,1800000,39.78
RPPSMLKMLHMFFBF08CA,坡道平面,1500000,39.78
RPQSMLKMLHMFFBF18CA,坡道平面,1500000,39.78
RPSSMLKMLHMFFBF38CA,坡道平面,1600000,39.78
RPTSMLKMLHMFFBF48CA,坡道機械,0,19.89
RPTSMLKMLHMFFBF48CA,坡道機械,0,19.89
RPUSMLKMLHMFFBF58CA,坡道平面,1600000,39.78
RPVSMLKMLHMFFBF68CA,坡道平面,1600000,39.78
RPWSMLKMLHMFFBF78CA,坡道機械,0,19.89
RPWSMLKMLHMFFBF78CA,坡道機械,0,19.89
RPXSMLKMLHMFFBF88CA,坡道機械,0,19.89
RPXSMLKMLHMFFBF88CA,坡道機械,0,19.89
RPOSMLSLLHMFFBF68CA,坡道平面,2150000,41.31
RPUNMLKMLHMFFCF18CA,坡道機械,1500000,12.65
RPXOMLSLLHMFFCF66CA,坡道平面,0,
RPXNMLQLMHMFFBF98CA,坡道平面,0,12.86
RPXNMLKMLHMFFAF28CA,坡道平面,2000000,44.59
RPROMLKMLHMFFAF77CA,坡道平面,1900000,41.11
RPUOMLKMLHMFFAF08CA,坡道平面,2000000,44.59
RPVOMLKMLHMFFAF18CA,坡道平面,2000000,44.59
RPWOMLKMLHMFFAF28CA,坡道平面,2200000,44.59
RPSNMLPJMHMFFAF08CA,坡道平面,0,26.04
RPSNMLPJMHMFFAF08CA,坡道平面,0,26.04
RPPNMLKMLHMFFAF47CA,坡道平面,2000000,44.59
RPQNMLKMLHMFFAF57CA,坡道平面,2000000,44.59
RPSNMLKMLHMFFAF77CA,坡道平面,2100000,41.11
RPUNMLKMLHMFFAF97CA,坡道平面,1900000,41.11
RPVNMLKMLHMFFAF08CA,坡道平面,2200000,41.11
RPTPMLTLLHMFFAF88CA,坡道平面,2400000,44.59
RPQVMLRLLHMFFAF98CA,升降平面,0,33.16
RPQPMLSLLHMFFAF48CA,坡道平面,1700000,33.05
RPWSOLLKMHMFFAF88CA,升降機械,0,11.39
RPQPMLRJMHMFFAF28CA,坡道機械,0,
RPUPMLRLLHMFFBF88CA,坡道平面,0,
RPUPMLRLLHMFFBF88CA,坡道平面,0,
RPVPMLRLLHMFFBF98CA,坡道平面,0,
RPWOMLRLLHMFFHF17EA,坡道平面,880000,26.58
RPPPMLQLMHMFFGF09EA,坡道平面,0,24.93
RPPNMLOJNHMFFHF68EA,坡道平面,0,
RPPNMLMLLHMFFCF08CD,坡道機械,800000,20.74
RPPNMLMLLHMFFCF08CD,坡道平面,1800000,36.97
RPTOMLRLLHMFFGF76EA,坡道平面,1700000,27.41
RPSOMLNKMHMFFGF88EA,坡道平面,0,36.97
RPTOMLNKMHMFFGF98EA,坡道平面,2000000,36.97
RPPQMLQJMHMFFHF98DA,坡道平面,2500000,27.40
RPVPMLPJMHMFFAF68DA,坡道平面,0,31.72
RPSPMLRLLHMFFBF78DA,坡道平面,1800000,33.84
RPSPMLSLLHMFFBF88DA,坡道平面,1300000,
RPOQMLLKMHMFFIF48CA,坡道平面,1300000,38.45
RPWOMLLLMHMFFIF56CA,升降平面,0,33.49
RPQOMLRKMHMFFIF09CA,坡道平面,0,27.54
RPPQMLRJMHMFFHF98CA,坡道平面,0,32.29
RPQPMLKLMHMFFHF48CA,坡道平面,1800000,40.10
RPRPMLKLMHMFFHF58CA,坡道平面,1800000,40.10
RPPPMLPJMHMFFIF78CA,坡道平面,0,35.90
RPQOMLRJMHMFFIF98CA,坡道平面,0,39.74
RPROMLTLLHMFFIF76CA,坡道平面,0,
RPXOMLSLLHMFFIF27CA,坡道平面,0,28.54
RPWOMLTLLHMFFHF17CA,坡道平面,0,24.27
RPSPMLLKMHMFFGF58CA,升降平面,2100000,48.60
RPTPMLLKMHMFFGF68CA,升降平面,2200000,48.60
RPVOMLKLMHMFFGF78CA,塔式車位,1250000,15.21
RPXNMLRLMHMFFGF96CA,坡道平面,0,14.31
RPXNMLRLMHMFFGF96CA,坡道平面,0,14.31
RPXNMLRLMHMFFGF96CA,坡道平面,0,13.60
RPRNMLPJMHMFFHF68CA,坡道平面,0,29.09
RPRNMLPJMHMFFHF68CA,坡道平面,0,29.09
RPVQMLQJMHMFFHF86CA,坡道平面,0,
RPOPMLQJMHMFFHF68CA,坡道平面,0,
RPPNMLTLLHMFFHF98CA,坡道平面,0,26.81
RPWPMLKMLHMFFIF56CA,坡道平面,0,
RPWPMLKMLHMFFIF56CA,坡道平面,0,
RPWPMLKMLHMFFIF56CA,坡道平面,0,
RPQNMLKKMHMFFHF18CA,坡道平面,0,
RPPPMLNKMHMFFHF58CA,坡道平面,2100000,39.90
RPQPMLNKMHMFFHF68CA,坡道平面,2180000,39.90
RPSPMLNKMHMFFHF88CA,坡道平面,0,31.16
RPSPMLNKMHMFFHF88CA,坡道平面,0,31.16
RPOPMLRJMHMFFIF88CA,坡道平面,0,15.64
RPRNMLPJMHMFFAF08DA,坡道平面,0,
RPTRMLLMLHMFFBF58DA,坡道平面,1500000,31.80
RPTRMLLMLHMFFBF58DA,坡道平面,1500000,34.29
RPRRMLPJMHMFFBF58DA,坡道平面,1500000,34.54
RPRRMLPJMHMFFBF58DA,坡道平面,1500000,34.54
RPTRMLPJMHMFFBF78DA,坡道平面,1800000,41.78
RPWUMLQJMHMFFBF86DA,坡道平面,1500000,36.93
RPWUMLQJMHMFFBF86DA,坡道平面,1500000,36.93
RPQWMLQJMHMFFBF09DA,坡道平面,1200000,
RPPNMLLMLHMFFGF28DA,坡道平面,2000000,23.01
RPOPMLSLLHMFFGF98DA,坡道平面,1700000,32.13
RPUNMLKMLHMFFEF48DA,坡道平面,1200000,36.52
RPPOMLKMLHMFFEF08DA,坡道平面,1100000,36.52
RPQOMLKMLHMFFEF18DA,坡道平面,1100000,36.52
RPROMLKMLHMFFEF28DA,坡道平面,1200000,36.52
RPSOMLKMLHMFFEF38DA,坡道平面,1100000,36.52
RPTOMLKMLHMFFEF48DA,坡道平面,1100000,36.52
RPVOMLKMLHMFFEF68DA,坡道平面,1400000,36.52
RPWOMLKMLHMFFEF78DA,坡道平面,1400000,36.52
RPXOMLKMLHMFFEF88DA,坡道平面,1400000,36.52
RPOPMLKMLHMFFEF08DA,坡道平面,1400000,36.52
RPPPMLKMLHMFFEF18DA,坡道平面,1400000,36.52
RPQPMLKMLHMFFEF28DA,坡道平面,1100000,36.52
RPRPMLKMLHMFFEF38DA,坡道平面,1400000,36.52
RPSPMLKMLHMFFEF48DA,坡道平面,1100000,36.52
RPTPMLKMLHMFFEF58DA,坡道平面,1100000,36.52
RPOQMLKMLHMFFEF18DA,坡道平面,1200000,36.52
RPQQMLKMLHMFFEF38DA,坡道平面,1100000,36.52
RPRQMLKMLHMFFEF48DA,坡道平面,1200000,36.52
RPTQMLKMLHMFFEF68DA,坡道平面,1100000,36.52
RPUQMLKMLHMFFEF78DA,坡道平面,1200000,36.52
RPWQMLKMLHMFFEF98DA,坡道平面,1200000,36.52
RPXQMLKMLHMFFEF09DA,坡道平面,1400000,36.52
RPORMLKMLHMFFEF28DA,坡道平面,1200000,36.52
RPPRMLKMLHMFFEF38DA,坡道平面,1200000,36.52
RPQRMLKMLHMFFEF48DA,坡道平面,1200000,36.52
RPSRMLKMLHMFFEF68DA,坡道平面,1200000,36.52
RPVRMLKMLHMFFEF98DA,坡道平面,1200000,36.52
RPOSMLKMLHMFFEF38DA,坡道平面,1200000,36.52
RPPSMLKMLHMFFEF48DA,坡道平面,1200000,36.52
RPQSMLKMLHMFFEF58DA,坡道平面,1100000,36.52
RPRSMLKMLHMFFEF68DA,坡道平面,1100000,36.52
RPSSMLKMLHMFFEF78DA,坡道平面,1100000,36.52
RPVQMLKLMHMFFBF68EA,坡道平面,2000000,33.02
RPORMLSLMHMFFEF56EA,坡道平面,0,20.18
RPQNMLKKMHMFFDF97EA,坡道平面,0,
RPTOMLOLMHMFFDF88EA,坡道平面,1214000,37.81
RPXNMLLJNHMFFAF48EA,坡道平面,0,26.46
RPSNMLMJNHMFFAF08EA,坡道平面,0,36.10
RPUOMLTLLHMFFBF56EA,坡道平面,1750000,29.89
RPVPMLSLLHMFFHF17DA,坡道平面,1800000,13.10
RPOPMLSLLHMFFIF56DA,坡道平面,0,29.84
RPRPMLLKMHMFFGF68EA,坡道平面,0,
RPXPMLKLMHMFFAF48CA,坡道平面,2050000,30.09
RPPPMLPJMHMFFAF97CA,坡道平面,1600000,36.97
RPRNMLRKMHMFFBF38CA,坡道平面,0,
RPRQMLOKMHMFFBF38CA,坡道平面,1300000,35.92
RPSQMLOKMHMFFBF48CA,坡道平面,0,
RPUOMLNKMHMFFBF38CA,坡道平面,0,34.76
RPWOMLNKMHMFFBF58CA,坡道平面,0,27.18
RPWOMLNKMHMFFBF58CA,坡道平面,0,27.18
RPWOMLNKMHMFFBF58CA,坡道平面,0,27.18
RPWOMLNKMHMFFBF58CA,坡道平面,0,27.18
RPWOMLNKMHMFFBF58CA,坡道平面,0,27.18
RPWOMLNKMHMFFBF58CA,坡道平面,0,27.18
RPWOMLNKMHMFFBF58CA,坡道平面,0,27.18
RPWOMLNKMHMFFBF58CA,坡道平面,0,27.18
RPWOMLNKMHMFFBF58CA,坡道平面,0,27.18
RPPQMLNKMHMFFBF08CA,坡道平面,1400000,29.42
RPQRMLNKMHMFFBF28CA,坡道機械,650000,17.39
RPVNMLMKMHMFFBF28CA,坡道平面,0,27.18
RPXNMLMKMHMFFBF48CA,坡道平面,0,27.18
RPTOMLMKMHMFFBF18CA,坡道平面,0,27.18
RPSQMLKMLHMFFBF18CA,坡道平面,0,
RPVQMLTLLHMFFBF66CA,坡道平面,0,16.03
RPRRMLRJMHMFFBF68CA,坡道機械,0,
RPTPMLLMLHMFFBF28CA,坡道平面,0,26.52
RPRNMLPLMHMFFDF48CA,坡道平面,0,37.10
RPRNMLPLMHMFFDF48CA,坡道平面,0,37.10
RPTOMLSLLHMFFEF09CA,坡道機械,0,27.85
RPXNMLSLLHMFFEF76CA,坡道平面,0,29.14
RPWNMLKKMHMFFCF28CA,坡道平面,0,35.19
RPWNMLKKMHMFFCF28CA,坡道平面,0,35.19
RPOOMLKKMHMFFCF57CA,坡道平面,1950000,35.19
RPQOMLKKMHMFFCF77CA,坡道平面,0,35.19
RPQOMLKKMHMFFCF77CA,坡道平面,0,35.19
RPTOMLKKMHMFFCF08CA,坡道平面,1820000,35.19
RPPPMLKKMHMFFCF77CA,坡道平面,2000000,32.94
RPVOMLRJMHMFFDF98CA,坡道平面,0,
RPTNMLLMLHMFFDF28CA,坡道平面,0,
RPTNMLKMLHMFFGF48CA,坡道平面,2000000,32.09
RPOOMLLKMHMFFGF08CA,升降機械,0,
RPROMLLMLHMFFGF48CA,坡道平面,0,34.27
RPXOMLKKMHMFFEF68CA,坡道平面,1200000,29.20
RPUQMLKKMHMFFEF58CA,坡道平面,0,32.43
RPPRMLOKMHMFFEF58CA,坡道平面,1200000,29.20
RPPRMLOKMHMFFEF58CA,坡道平面,1050000,27.60
RPSRMLOKMHMFFEF88CA,坡道平面,1200000,29.20
RPTPMLMKMHMFFEF58CA,坡道平面,1200000,29.20
RPOQMLMKMHMFFEF18CA,坡道平面,1200000,29.20
RPVTMLNKMHMFFEF66CA,坡道平面,1000000,29.20
RPPUMLNKMHMFFEF78CA,坡道平面,1200000,29.20
RPQUMLNKMHMFFEF88CA,坡道平面,1200000,29.20
RPSUMLNKMHMFFEF09CA,坡道平面,1200000,29.20
RPUUMLNKMHMFFEF66CA,坡道平面,1100000,29.20
RPXUMLNKMHMFFEF96CA,坡道平面,1100000,29.20
RPQVMLNKMHMFFEF98CA,坡道平面,1100000,27.60
RPSNMLOKMHMFFEF48CA,坡道平面,1000000,27.60
RPROMLOKMHMFFEF48CA,坡道平面,1100000,27.60
RPVOMLOKMHMFFEF88CA,坡道平面,1100000,27.60
RPOPMLOKMHMFFEF28CA,坡道平面,1100000,29.20
RPQPMLOKMHMFFEF48CA,坡道平面,1200000,29.20
RPPOMLNJNHMFFEF18CA,坡道平面,0,20.76
RPXNMLOJNHMFFEF98CA,坡道平面,0,20.76
RPQSMLLLMHMFFEF58CA,坡道平面,1350000,32.05
RPQPMLLLMHMFFEF28CA,坡道平面,1350000,32.05
RPUPMLPLMHMFFEF09CA,坡道平面,0,73.44
RPUNMLSKMHMFFEF09CA,坡道平面,1000000,27.60
RPWNMLSKMHMFFEF66CA,坡道平面,1100000,29.20
RPPOMLSKMHMFFEF68CA,坡道平面,1100000,29.20
SPPOMLSKMHMFFEF78CA,坡道平面,1100000,29.20
RPWRMLOKMHMFFEF66CA,坡道平面,1200000,29.20
RPPOMLRKMHMFFEF58CA,坡道平面,1200000,29.20
RPTOMLRKMHMFFEF98CA,坡道平面,1200000,29.20
RPUOMLRKMHMFFEF09CA,坡道平面,1100000,29.20
RPVOMLRKMHMFFEF56CA,坡道平面,0,29.20
RPVOMLRKMHMFFEF56CA,坡道平面,0,29.20
RPXOMLRKMHMFFEF76CA,坡道平面,1100000,27.60
RPPQMLLLMHMFFEF28CA,升降機械,800000,16.03
RPQQMLLLMHMFFEF38CA,升降機械,600000,16.03
RPRQMLLLMHMFFEF48CA,坡道平面,1250000,32.05
RPSQMLLLMHMFFEF58CA,坡道平面,1150000,32.05
RPTQMLLLMHMFFEF68CA,升降機械,600000,16.03
RPUQMLLLMHMFFEF78CA,坡道平面,1150000,32.05
RPVQMLLLMHMFFEF88CA,坡道平面,1250000,32.05
RPWQMLLLMHMFFEF98CA,升降機械,600000,16.03
RPXQMLLLMHMFFEF09CA,升降機械,800000,16.03
RPPRMLLLMHMFFEF38CA,升降機械,600000,16.03
RPQRMLLLMHMFFEF48CA,升降機械,700000,16.03
RPRRMLLLMHMFFEF58CA,升降機械,800000,16.03
RPSRMLLLMHMFFEF68CA,坡道平面,1200000,26.56
RPTRMLLLMHMFFEF78CA,坡道平面,1350000,32.05
RPURMLLLMHMFFEF88CA,坡道平面,1150000,32.05
RPVRMLLLMHMFFEF98CA,升降機械,900000,16.03
RPWRMLLLMHMFFEF09CA,升降機械,600000,16.03
RPXRMLLLMHMFFEF56CA,升降機械,700000,16.03
RPSPMLLLMHMFFEF48CA,坡道平面,1250000,32.05
RPUPMLLLMHMFFEF68CA,坡道平面,1350000,32.05
RPWPMLLLMHMFFEF88CA,坡道平面,1350000,32.05
RPOQMLLLMHMFFEF18CA,坡道平面,1100000,26.56
RPRSMLLLMHMFFEF68CA,坡道平面,1150000,32.05
RPUQMLMKMHMFFEF78CA,坡道平面,0,30.13
RPRNMLMKMHMFFEF18CA,坡道機械,0,20.61
RPPSMLPJMHMFFEF68CA,坡道平面,1150000,27.65
RPPNMLKKMHMFFGF97CA,坡道平面,0,
RPWPMLTLLHMFFGF17CA,坡道平面,0,
RPWNMLLMLHMFFDF58CA,坡道平面,1800000,31.09
RPXNMLLMLHMFFDF68CA,坡道平面,0,16.80
RPROMLQJMHMFFCF38CA,坡道平面,0,
RPPNMLTJMHMFFDF48CA,坡道平面,0,35.06
RPPOMLRJMHMFFDF38CA,坡道平面,0,23.03
RPQOMLRJMHMFFDF48CA,坡道平面,0,23.03
RPXRMLKMLHMFFEF09CA,坡道平面,0,
RPVPMLKMLHMFFEF68CA,坡道機械,0,9.85
RPPOMLRLMHMFFDF58CA,坡道平面,0,16.07
RPPOMLRLMHMFFDF58CA,坡道平面,0,16.07
RPVOMLRLMHMFFDF56CA,坡道平面,2100000,27.22
RPWOMLRLMHMFFDF66CA,坡道平面,2100000,27.22
RPPPMLRLMHMFFDF68CA,坡道平面,2100000,24.33
RPWQMLLMLHMFFBF68CA,坡道平面,0,32.43
RPOPMLLMLHMFFBF77CA,坡道平面,1950000,24.95
RPVOMLLMLHMFFBF38CA,坡道平面,2000000,24.95
RPWOMLLMLHMFFBF48CA,坡道平面,2050000,24.95
RPUOMLKKMHMFFBF08CA,坡道平面,2150000,42.68
RPSPMLKMLHMFFBF08CA,坡道平面,1600000,33.78
RPQSMLTLLHMFFBF98CA,坡道平面,0,
RPSSMLTLLHMFFBF56CA,坡道平面,0,
RPTSMLTLLHMFFBF66CA,坡道平面,0,
RPOOMLLKMHMFFBF57CA,坡道平面,2400000,36.94
RPRNMLLKMHMFFBF77CA,坡道平面,1500000,16.67
RPSNMLNKMHMFFBF08CA,坡道平面,1500000,29.04
RPXWMLOLMHMFFBF07CA,坡道平面,1200000,26.52
RPTPMLQLMHMFFBF78CA,坡道平面,0,36.34
RPTPMLQLMHMFFBF78CA,坡道平面,0,36.34
RPUPMLQLMHMFFBF88CA,坡道平面,1900000,36.34
RPQQMLKMLHMFFAF87CA,坡道平面,0,31.02
RPQQMLKMLHMFFAF87CA,坡道平面,0,31.02
RPQQMLKMLHMFFAF87CA,坡道平面,0,31.02
RPPRMLKMLHMFFAF87CA,坡道平面,0,30.65
RPQNMLPLMHMFFAF08CA,坡道平面,0,40.70
RPXNMLTLLHMFFIF37DA,坡道平面,0,36.74
RPVOMLKMLHMFFIF09DA,坡道平面,0,38.04
RPSNMLQJMHMFFIF09DA,坡道平面,1100000,
RPPNMLSJMHMFFGF78DA,升降平面,1500000,27.99
RPPPMLMJNHMFFCF18EA,坡道平面,0,
RPPQMLSLMHMFFCF88DA,坡道平面,0,
RPRQMLRJMHMFFDF88DA,坡道平面,1500000,31.85
RPSNMLRJMHMFFBF48DA,坡道平面,1200000,29.46
RPOVMLKMLHMFFAF28DA,坡道平面,2000000,42.71
RPWPMLNKMHMFFAF68DA,坡道平面,1300000,21.49
RPUPMLTKMHMFFIF17CA,坡道機械,0,30.77
RPUOMLOKMHMFFIF56CA,坡道平面,0,39.02
RPUNMLRJMHMFFIF66CA,坡道機械,0,18.90
RPUOMLLKMHMFFIF88CA,坡道平面,0,33.20
RPUOMLLKMHMFFIF88CA,坡道平面,0,33.20
RPTNMLPJMHMFFIF98CA,坡道平面,0,38.04
RPPNMLPJMHMFFIF58CA,坡道平面,0,35.80
RPPOMLKMLHMFFHF28CA,坡道平面,2180000,47.00
RPPPMLLKMHMFFGF28CA,坡道平面,0,
RPQNMLPLMHMFFGF68CA,坡道平面,0,23.39
RPRNMLPLMHMFFGF78CA,坡道平面,0,26.99
RPVNMLLMLHMFFHF88CA,坡道平面,0,13.51
RPVNMLLMLHMFFHF88CA,坡道機械,0,13.51
RPROMLRJMHMFFHF98CA,坡道平面,0,
RPROMLRJMHMFFHF98CA,坡道平面,0,
RPROMLRJMHMFFHF98CA,坡道平面,0,
RPOOMLPJMHMFFIF58CA,坡道平面,1140000,28.22
RPQNMLRLMHMFFHF98CA,坡道平面,1500000,33.35
RPQNMLRLMHMFFHF98CA,坡道平面,1500000,33.35
RPUPMLNKMHMFFHF09CA,坡道平面,2500000,31.16
RPPVMLKMLHMFFAF38DA,坡道平面,1900000,33.05
RPTNMLPJMHMFFAF28DA,坡道機械,1200000,15.33
RPTNMLRJMHMFFBF58DA,坡道平面,1500000,31.46
RPXNMLPJMHMFFDF98DA,坡道機械,0,
RPTNMLPJMHMFFCF48DA,一樓平面,2000000,
RPTNMLPJMHMFFCF48DA,升降機械,1500000,
RPPNMLKMLHMFFCF77DA,坡道平面,0,26.41
RPQPMLPJMHMFFCF38DA,坡道平面,1000000,25.83
RPSPMLPJMHMFFCF58DA,坡道平面,600000,
RPPOMLLMLHMFFDF18EA,坡道機械,0,
RPQOMLLMLHMFFHF58DA,坡道平面,1500000,27.31
RPTOMLLMLHMFFIF98DA,坡道平面,0,32.88
RPWNMLQJMHMFFIF96EA,坡道機械,0,18.45
RPSNMLPLMHMFFAF28CA,坡道平面,2200000,36.97
RPXPMLSLMHMFFAF66CA,升降機械,0,9.81
RPXPMLSLMHMFFAF66CA,升降機械,0,9.81
RPVNMLQJMHMFFAF48CA,坡道平面,1750000,45.97
RPTNMLSJMHMFFAF48CA,坡道平面,0,34.21
RPPNMLLMLHMFFAF57CA,升降機械,0,21.37
RPQNMLLMLHMFFAF67CA,坡道平面,2200000,22.87
RPWPOLPLMHMFFBF56CA,坡道平面,2000000,32.64
RPOQOLPLMHMFFBF48CA,坡道平面,2000000,32.64
RPSSOLPLMHMFFBF09CA,坡道平面,0,26.13
RPSSOLPLMHMFFBF09CA,坡道平面,0,26.13
RPWWMLPLMHMFFBF07CA,坡道平面,2150000,32.64
RPPNNLPLMHMFFBF18CA,坡道平面,2000000,32.64
RPWPMLTKMHMFFBF66CA,坡道平面,0,33.15
RPTRMLKLMHMFFBF38CA,坡道平面,0,42.91
RPTRMLKLMHMFFBF38CA,坡道平面,0,40.96
RPQNMLLMLHMFFBF77CA,坡道平面,1500000,27.50
RPTNMLQJMHMFFBF38CA,坡道平面,1700000,36.19
RPWRMLLMLHMFFBF78CA,坡道平面,2300000,26.45
RPRNMLPJMHMFFBF08CA,坡道平面,0,
RPQOMLOKMHMFFDF28CA,坡道平面,0,
RPOOMLTKMHMFFDF58CA,坡道平面,1200000,36.95
RPSNMLLMLHMFFEF28CA,坡道平面,1400000,23.31
RPROMLLKMHMFFCF97CA,坡道平面,0,31.69
RPSNMLPJMHMFFDF38CA,坡道平面,1500000,39.56
RPUNMLPJMHMFFDF58CA,坡道平面,0,39.56
RPUNMLPJMHMFFDF58CA,坡道平面,0,39.56
RPQNMLQJMHMFFDF28CA,坡道平面,0,
RPRNMLLMLHMFFGF38CA,坡道平面,1200000,34.30
RPSNMLLMLHMFFGF48CA,坡道平面,1380000,20.68
RPTOMLRJMHMFFGF09CA,坡道平面,0,29.98
RPSOMLLMLHMFFGF58CA,坡道平面,1750000,33.09
RPRNMLRJMHMFFEF58CA,坡道平面,0,36.08
RPTRMLQJMHMFFEF09CA,塔式車位,0,32.60
RPTRMLQJMHMFFEF09CA,塔式車位,0,32.60
RPURMLQJMHMFFEF56CA,坡道平面,0,
RPXNMLMKMHMFFEF78CA,坡道平面,0,34.36
RPXNMLMKMHMFFEF78CA,坡道平面,0,34.36
RPXNMLMKMHMFFEF78CA,坡道平面,0,29.73
RPWOMLQLMHMFFEF66CA,坡道平面,0,40.16
RPWOMLQLMHMFFEF66CA,坡道平面,0,40.16
RPXOMLQLMHMFFEF76CA,坡道平面,0,40.16
RPXOMLQLMHMFFEF76CA,坡道平面,0,40.16
SPXOMLQLMHMFFEF86CA,坡道平面,1300000,40.16
RPOPMLQLMHMFFEF58CA,坡道平面,0,40.16
RPOPMLQLMHMFFEF58CA,坡道平面,0,40.16
RPWOMLMJNHMFFEF78CA,坡道平面,0,19.73
RPWOMLMJNHMFFEF78CA,坡道平面,0,19.73
RPWOMLMJNHMFFEF78CA,坡道平面,0,16.94
RPWNMLSLMHMFFEF76CA,坡道平面,650000,27.80
RPSNMLQLMHMFFEF78CA,坡道平面,0,34.82
RPPQMLPJMHMFFEF48CA,坡道平面,1700000,34.97
RPORMLPJMHMFFEF48CA,坡道平面,200000,37.24
SPORMLPJMHMFFEF58CA,坡道平面,200000,35.60
RPSRMLPJMHMFFEF88CA,坡道平面,210000,30.10
RPXOMLQJMHMFFDF09CA,坡道平面,1500000,39.56
RPOPMLQJMHMFFDF28CA,坡道平面,0,39.56
RPOPMLQJMHMFFDF28CA,坡道平面,0,39.56
RPPOMLLMLHMFFDF97CA,坡道平面,0,
RPPOMLQJMHMFFCF18CA,坡道平面,0,31.82
RPQOMLRJMHMFFCF38CA,坡道平面,0,24.42
RPUOMLKKMHMFFCF18CA,坡道平面,1900000,35.19
RPVOMLKKMHMFFCF28CA,坡道平面,2000000,35.19
RPWOMLKKMHMFFCF38CA,坡道平面,1900000,35.19
RPRPMLKLMHMFFCF08CA,坡道平面,0,
RPPNMLPLMHMFFCF18CA,坡道機械,1000000,27.51
RPROMLSLMHMFFCF78CA,坡道平面,1850000,16.02
RPSOMLSLMHMFFCF88CA,坡道平面,2100000,18.37
RPTOMLSLMHMFFCF98CA,坡道平面,2100000,18.37
RPOOMLSKMHMFFDF48CA,坡道平面,0,
RPOOMLSKMHMFFDF48CA,坡道平面,0,
RPOOMLNKMHMFFDF97CA,坡道平面,0,
RPXOMLMKMHMFFDF78CA,坡道平面,0,37.17
RPPOMLNJNHMFFDF08CA,坡道平面,1150000,30.20
RPVPMLPJMHMFFBF68CA,坡道機械,0,29.79
RPPNMLQJMHMFFBF97CA,坡道平面,1950000,41.31
RPOQMLRJMHMFFBF28CA,坡道平面,0,39.33
RPQQMLRJMHMFFBF48CA,坡道平面,0,22.73
RPWOMLSJMHMFFBF98CA,坡道機械,0,25.34
RPRPMLLLMHMFFBF08CA,坡道平面,0,33.77
RPQQMLPLMHMFFBF48CA,坡道平面,0,15.77
RPQQMLPLMHMFFBF48CA,坡道平面,0,15.77
RPQQMLPLMHMFFBF48CA,坡道平面,0,15.77
RPXNMLKLMHMFFBF38CA,坡道平面,0,24.55
RPPNMLPJMHMFFAF77CA,坡道平面,2200000,44.59
RPTPMLPJMHMFFAF38CA,坡道平面,0,36.05
RPUOMLPJMHMFFAF38CA,坡道平面,0,25.45
RPRNMLKLMHMFFAF67CA,坡道平面,0,
RPOOMLLLMHMFFAF57CA,坡道平面,0,29.53
RPVNMLPJMHMFFIF76EA,其他,850000,24.80
RPROMLQLMHMFFGF56EA,坡道機械,2100000,17.81
RPUOMLNJNHMFFGF09EA,坡道平面,0,28.58
RPUOMLNJNHMFFGF09EA,坡道平面,0,28.58
RPPOMLPJMHMFFIF78DA,坡道平面,1500000,34.10
RPPOMLPJMHMFFIF78DA,坡道平面,1500000,34.10
RPROMLPJMHMFFIF98DA,坡道平面,0,16.02
RPRNMLQJMHMFFIF98DA,坡道平面,1000000,49.79
RPRNMLSJMHMFFGF98DA,坡道平面,1600000,
RPWNMLMJNHMFFEF88EA,坡道機械,0,18.36
RPRPMLPJMHMFFCF48DA,坡道平面,2200000,31.60
RPQOMLPJMHMFFCF28DA,坡道機械,0,20.32
RPRNMLSJMHMFFEF78DA,坡道平面,1000000,17.73
RPQQMLNKMHMFFDF48DA,坡道平面,0,
RPQPMLOLMHMFFBF38DA,坡道平面,0,23.15
RPQPMLOLMHMFFBF38DA,坡道平面,0,23.15
RPQPMLOLMHMFFBF38DA,坡道平面,0,23.15
RPTVMLQJMHMFFBF66DA,坡道平面,1700000,29.41
RPURMLPJMHMFFBF88DA,其他,0,
RPURMLPJMHMFFBF88DA,其他,0,
RPPOMLSLMHMFFIF56CA,坡道平面,0,35.80
RPVNMLTKMHMFFIF07CA,坡道平面,1200000,39.76
RPWOMLTKMHMFFIF27CA,坡道平面,1200000,39.76
RPXOMLTKMHMFFIF37CA,坡道平面,1200000,33.88
RPOPMLTKMHMFFIF56CA,坡道平面,1200000,33.88
RPQPMLTKMHMFFIF76CA,坡道平面,1250000,39.76
RPRPMLTKMHMFFIF86CA,坡道平面,1200000,39.76
RPWNMLRJMHMFFHF76CA,坡道平面,1880000,
RPXOMLQLMHMFFGF96CA,坡道平面,0,33.85
RPXOMLQLMHMFFGF96CA,坡道平面,0,33.85
