鄉鎮市區,交易標的,土地區段位置或建物區門牌,土地移轉總面積平方公尺,都市土地使用分區,非都市土地使用分區,非都市土地使用編定,交易年月日,交易筆棟數,移轉層次,總樓層數,建物型態,主要用途,主要建材,建築完成年月,建物移轉總面積平方公尺,建物現況格局-房,建物現況格局-廳,建物現況格局-衛,建物現況格局-隔間,有無管理組織,總價元,單價每平方公尺,車位類別,車位移轉總面積平方公尺,車位總價元,備註,編號
苗栗市,建物,苗栗縣苗栗市大同里5鄰三湖道6巷1~30號,0.0,,,,1051215,土地0建物1車位0,一層,一層,其他,住家用,木造,0280310,50.0,0,0,1,無,無,4800,96,,0.0,0,平房，宗親內買賣，權利人 使用標的建物逾五十年。,RPQNMLNJJHMFFBK97CA
竹南鎮,房地(土地+建物),苗栗縣竹南鎮海口里9鄰光德路151~180號,107.32,住,,,1051109,土地2建物1車位0,全,四層,透天厝,住家用,鋼筋混凝土造,1050527,185.79,3,3,4,有,無,12920000,69541,,0.0,0,,RPPNMLTKJHMFFDK78CA
苑裡鎮,建物,苗栗縣苑裡鎮客庄里14鄰世界路一段89巷1~30號,0.0,,,,1051215,土地0建物1車位0,全,四層,透天厝,見其他登記事項,鋼筋混凝土造,1041015,185.52,4,3,3,有,無,5281000,28466,,0.0,0,,RPWNMLNLJHMFFCK88CA
苑裡鎮,建物,苗栗縣苑裡鎮客庄里14鄰世界路一段89巷1~30號,0.0,,,,1051215,土地0建物1車位0,全,四層,透天厝,見其他登記事項,鋼筋混凝土造,1041015,185.54,4,3,3,有,無,5282000,28468,,0.0,0,,SPWNMLNLJHMFFCK98CA
苑裡鎮,建物,苗栗縣苑裡鎮客庄里14鄰世界路一段89巷1~30號,0.0,,,,1051215,土地0建物1車位0,全,四層,透天厝,見其他登記事項,鋼筋混凝土造,1041015,158.89,4,3,3,有,無,4523000,28466,,0.0,0,,TPWNMLNLJHMFFCK09CA
苗栗市,建物,苗栗縣苗栗市勝利里36鄰榮興1~30號,0.0,,,,1051227,土地0建物1車位0,一層,,其他,住家用,加強磚造,0740510,49.58,1,1,1,有,無,900000,18152,,0.0,0,,RPSNMLKMKILFFBK38DA
苗栗市,建物,苗栗縣苗栗市勝利里36鄰榮興1~30號,0.0,,,,1051226,土地0建物1車位0,一層,,其他,住家用,加強磚造,0740510,49.58,1,1,1,有,無,800000,16136,,0.0,0,,RPPNMLNJJHMFFBK97DA
苗栗市,建物,苗栗縣苗栗市日新街1~30號,0.0,,,,1051229,土地0建物1車位0,全,,透天厝,住商用,加強磚造,0660629,268.32,4,2,3,有,無,1320000,4919,,0.0,0,,RPWNMLTKJHMFFBK66CA
竹南鎮,房地(土地+建物),苗栗縣竹南鎮公館里12鄰大埔頂61~90號,176.44,,特定農業區,甲種建築用地,1060215,土地3建物1車位0,全,一層,透天厝,住家用,鋼筋混凝土造,0710910,67.16,2,1,1,有,無,1400000,20846,,0.0,0,含增建或未登記建物。受債權債務影響之交易。增值稅由買方負擔。受債權債務影響或債務抵償之交易。受債權債務影響或債務抵償之交易。受債權債務影響或債務抵償之交易。,RPQNMLKKNHMFFDK48DA
苗栗市,房地(土地+建物),苗栗縣苗栗市福星里5鄰福星街181~210號,7.71,住,,,1060223,土地4建物1車位0,八層,,住宅大樓(11層含以上有電梯),住家用,鋼筋混凝土造,0810929,80.64,1,2,1,有,有,1200000,14881,,0.0,0,親友、員工或其他特殊關係間之交易。,RPPNMLTKLHMFFBK88DA
頭份鎮,房地(土地+建物),苗栗縣頭份鎮上興里15鄰永昌街1~30號,22.7,,山坡地保育區,丙種建築用地,1060221,土地1建物1車位0,一層,七層,華廈(10層含以下有電梯),住家用,鋼筋混凝土造,0860827,92.85,2,2,2,有,有,2480000,26710,,0.0,0,,RPTOMLOLLHMFFFK66CA
頭份鎮,房地(土地+建物),苗栗縣頭份鎮後庄里6鄰復興街216巷1~30號,117.39,住,,,1060216,土地3建物1車位0,全,四層,透天厝,見其他登記事項,鋼筋混凝土造,1040421,334.37,4,2,3,有,有,16900000,50543,,0.0,0,土地及建物分次登記案件。前案土地登記收件字號：106年頭地資字022690、022700號,RPQPMLOLLHMFFFK09CA
三灣鄉,土地,大河底段421~450地號,70.05,,山坡地保育區,農牧用地,1060306,土地1建物0車位0,,,其他,,,,0.0,0,0,0,有,無,160000,2284,,0.0,0,不動產之共有人數為４人。有民情風俗因素之交易。,RPUNMLRLLHMFFFK96CA
苗栗市,土地,福安段991~1020地號,897.32,住,,,1051107,土地7建物0車位0,,,其他,,,,0.0,0,0,0,有,無,5010000,5583,,0.0,0,,RPQNMLKLLHMFFBK08CA
公館鄉,房地(土地+建物),苗栗縣公館鄉鶴岡村3鄰鶴岡31~60號,723.0,農,,,1060118,土地1建物1車位0,一層，二層，三層,三層,農舍,農舍,鋼筋混凝土造,1010823,190.13,4,2,3,有,無,14200000,,,0.0,0,,RPVNMLOLLHMFFBK98CA
苗栗市,房地(土地+建物),苗栗縣苗栗市福星里8鄰建興31~60號,87.17,住,,,1060209,土地1建物1車位0,全,,透天厝,住家用,加強磚造,0680103,105.48,3,2,2,有,無,5500000,52143,,0.0,0,,RPRNMLKMLHMFFBK28CA
泰安鄉,土地,橫龍山段331~360地號,120.0,,山坡地保育區,農牧用地,1060213,土地2建物0車位0,,,其他,,,,0.0,0,0,0,有,無,83000,692,,0.0,0,,RPTNMLMLLHMFFAK48CA
泰安鄉,土地,橫龍山段331~360地號,90.0,,山坡地保育區,農牧用地,1060306,土地2建物0車位0,,,其他,,,,0.0,0,0,0,有,無,62500,694,,0.0,0,,RPQNMLNLLHMFFAK28CA
泰安鄉,土地,橫龍山段331~360地號,360.0,,山坡地保育區,農牧用地,1060119,土地2建物0車位0,,,其他,,,,0.0,0,0,0,有,無,250000,694,,0.0,0,,RPVNMLMLLHMFFAK68CA
泰安鄉,土地,清安段481~510地號,456.0,,山坡地保育區,農牧用地,1051230,土地1建物0車位0,,,其他,,,,0.0,0,0,0,有,無,100000,219,,0.0,0,,RPVNMLKMLHMFFAK58CA
通霄鎮,土地,通平段1471~1500地號,2314.41,,一般農業區,農牧用地,1060214,土地5建物0車位0,,,其他,,,,0.0,0,0,0,有,無,1600000,691,,0.0,0,,RPPNMLNLLHMFFCK38CA
苗栗市,土地,巨蛋段241~270地號,28.94,住,,,1060306,土地2建物0車位0,,,其他,,,,0.0,0,0,0,有,無,0,0,,0.0,0,,RPROMLLMLHMFFBK48CA
苗栗市,房地(土地+建物)+車位,苗栗縣苗栗市文山里14鄰祥發街31~60號,28.94,住,,,1060306,土地2建物1車位1,十層,十一層,住宅大樓(11層含以上有電梯),住家用,鋼筋混凝土造,1051018,177.08999999999997,2,2,2,有,有,6700000,37834,坡道平面,26.85,0,,RPSOMLLMLHMFFBK58CA
竹南鎮,房地(土地+建物)+車位,苗栗縣竹南鎮大埔里1鄰大埔街91~120號,29.24,住,,,1051231,土地1建物1車位1,三層,九層,華廈(10層含以下有電梯),住家用,鋼筋混凝土造,1051026,100.08,2,2,1,有,有,5900000,63084,坡道機械,14.48,500000,,RPRNMLRKLHMFFDK98CA
竹南鎮,土地,明德段1~30地號,63.63,住,,,1020601,土地1建物0車位0,,,其他,,,,0.0,0,0,0,有,無,1924000,30237,,0.0,0,本件買賣重劃前已簽約購買親友關係間之交易。,RPWNMLRJMHMFFDK86CA
竹南鎮,土地,明德段1~30地號,33.34,住,,,1060208,土地1建物0車位0,,,其他,,,,0.0,0,0,0,有,無,1008535,30250,,0.0,0,本件買賣重劃前已簽約購買親友關係間之交易。,RPXNMLRJMHMFFDK96CA
竹南鎮,房地(土地+建物)+車位,苗栗縣竹南鎮大埔里3鄰大埔一街181~210號,25.41,住,,,1060120,土地1建物1車位1,十層,十層,華廈(10層含以下有電梯),商業用,鋼筋混凝土造,1050421,85.69999999999999,0,0,0,無,有,5910000,68961,升降機械,0.0,450000,,RPRNMLLKMHMFFDK48CA
竹南鎮,房地(土地+建物),苗栗縣竹南鎮龍鳳里17鄰龍山路一段163巷50弄31~60號,89.33,住,,,1060218,土地1建物1車位0,全,二層,透天厝,住家用,鋼筋混凝土造,0700122,97.6,4,2,2,有,無,2494450,25558,,0.0,0,,RPVOMLOKMHMFFDK66CA
三義鄉,土地,魚藤坪段121~150地號,2622.0,,山坡地保育區,農牧用地,1050921,土地1建物0車位0,,,其他,,,,0.0,0,0,0,有,無,2258920,862,,0.0,0,,RPTOMLOLLHMFFEK56CA
三義鄉,土地,魚藤坪段121~150地號,3100.0,,山坡地保育區,農牧用地,1050921,土地1建物0車位0,,,其他,,,,0.0,0,0,0,有,無,2670712,862,,0.0,0,,RPUOMLOLLHMFFEK66CA
三義鄉,土地,魚藤坪段121~150地號,725.0,,山坡地保育區,丙種建築用地,1050921,土地2建物0車位0,,,其他,,,,0.0,0,0,0,有,無,3426488,4726,,0.0,0,,RPVOMLOLLHMFFEK76CA
西湖鄉,土地,高埔段751~780地號,214.54,,山坡地保育區,農牧用地,1060222,土地5建物0車位0,,,其他,,,,0.0,0,0,0,有,無,81000,378,,0.0,0,親友、員工或其他特殊關係間之交易。,RPXOMLOLLHMFFEK96CA
三義鄉,土地,魚藤坪段121~150地號,141.5,,山坡地保育區,農牧用地,1050921,土地2建物0車位0,,,其他,,,,0.0,0,0,0,有,無,121908,862,,0.0,0,,RPRNMLQJMHMFFEK98CA
三義鄉,土地,魚藤坪段181~210地號,2894.0,,山坡地保育區,林業用地,1060111,土地1建物0車位0,,,其他,,,,0.0,0,0,0,有,無,250000,86,,0.0,0,,RPPNMLRJMHMFFEK88CA
頭份鎮,土地,民族段661~690地號,106.36,住,,,1051220,土地1建物0車位0,,,其他,,,,0.0,0,0,0,有,無,3150000,29616,,0.0,0,,RPPOMLQKLHMFFFK98CA
三灣鄉,土地,崁頂寮段61~90地號,711.0,,山坡地保育區,窯業用地,1060228,土地1建物0車位0,,,其他,,,,0.0,0,0,0,有,無,3000000,4219,,0.0,0,含整地綠化費用,RPPNMLRKLHMFFFK98CA
頭份鎮,房地(土地+建物),苗栗縣頭份鎮流東里8鄰信德新村31~60號,81.57,,山坡地保育區,丙種建築用地,1060210,土地1建物1車位0,全,二層,透天厝,住家用,鋼筋混凝土造,0770126,131.22,3,2,1,有,無,1600000,12193,,0.0,0,,RPRNMLLLLHMFFFK68CA
頭份鎮,房地(土地+建物)+車位,苗栗縣頭份鎮蟠桃里5鄰中央路331~360號,40.93,住,,,1030114,土地1建物1車位1,四層,十四層,住宅大樓(11層含以上有電梯),見其他登記事項,鋼筋混凝土造,1051111,246.20000000000002,3,1,2,有,無,12980000,57586,坡道平面,45.11,1400000,,RPTNMLLLLHMFFFK88CA
頭份鎮,房地(土地+建物)+車位,苗栗縣頭份鎮蟠桃里5鄰中央路331~360號,46.8,住,,,1030114,土地1建物1車位2,五層,十四層,住宅大樓(11層含以上有電梯),見其他登記事項,鋼筋混凝土造,1051111,303.08,3,1,2,有,無,16030000,58186,坡道平面,60.24,1900000,,RPUNMLLLLHMFFFK98CA
頭份鎮,房地(土地+建物)+車位,苗栗縣頭份鎮蟠桃里5鄰中央路331~360號,42.64,住,,,1030118,土地1建物1車位2,五層,十四層,住宅大樓(11層含以上有電梯),見其他登記事項,鋼筋混凝土造,1051111,261.62,4,2,2,有,無,12900000,54623,坡道平面,60.24,1900000,,RPVNMLLLLHMFFFK09CA
頭份鎮,房地(土地+建物)+車位,苗栗縣頭份鎮蟠桃里5鄰中央路331~360號,42.58,住,,,1030427,土地1建物1車位2,五層,十四層,住宅大樓(11層含以上有電梯),見其他登記事項,鋼筋混凝土造,1051111,305.17,4,2,2,有,無,13680000,48504,坡道平面,60.24,1800000,,RPWNMLLLLHMFFFK56CA
頭份鎮,房地(土地+建物)+車位,苗栗縣頭份鎮蟠桃里5鄰中央路331~360號,41.02,住,,,1030114,土地1建物1車位1,十三層,十四層,住宅大樓(11層含以上有電梯),見其他登記事項,鋼筋混凝土造,1051111,246.55,3,2,2,有,無,13330000,59224,坡道平面,45.11,1400000,,RPXNMLLLLHMFFFK66CA
頭份鎮,房地(土地+建物)+車位,苗栗縣頭份鎮蟠桃里5鄰中央路331~360號,42.58,住,,,1060112,土地1建物1車位2,六層,十四層,住宅大樓(11層含以上有電梯),見其他登記事項,鋼筋混凝土造,1051111,261.34000000000003,4,2,2,有,無,13570000,51925,坡道平面,60.24,0,,RPOOMLLLLHMFFFK48CA
頭份鎮,房地(土地+建物)+車位,苗栗縣頭份鎮蟠桃里5鄰中央路331~360號,44.02,住,,,1030119,土地1建物1車位2,一層,十四層,住宅大樓(11層含以上有電梯),見其他登記事項,鋼筋混凝土造,1051111,252.01,1,1,2,有,無,15140000,69334,坡道平面,66.82,2300000,,RPPOMLLLLHMFFFK58CA
頭份鎮,房地(土地+建物)+車位,苗栗縣頭份鎮蟠桃里5鄰中央路331~360號,36.96,住,,,1060202,土地1建物1車位2,八層,十四層,住宅大樓(11層含以上有電梯),見其他登記事項,鋼筋混凝土造,1051111,232.07,4,2,2,有,無,12000000,51709,坡道平面,58.56,0,,RPROMLLLLHMFFFK78CA
銅鑼鄉,房地(土地+建物),苗栗縣銅鑼鄉中平村7鄰中平61~90號,1000.0,,特定農業區,農牧用地,1060204,土地1建物1車位0,一層,一層,其他,見其他登記事項,見其他登記事項,1050715,35.32,0,0,0,無,無,4500000,127407,,0.0,0,農業資材室,RPPNMLOLLHMFFEK68CA
銅鑼鄉,土地,褔興段1231~1260地號,213.15,住,,,1060212,土地1建物0車位0,,,其他,,,,0.0,0,0,0,有,無,6550000,30730,,0.0,0,,RPTNMLKLLHMFFEK68CA
竹南鎮,房地(土地+建物),苗栗縣竹南鎮中港里13鄰新生路61~90號,106.73,住,,,1051210,土地4建物1車位0,一層，二層，三層，四層，屋頂突出物，騎樓,四層,店面(店鋪),見其他登記事項,鋼筋混凝土造,1050119,316.2,5,2,6,有,無,16000000,50601,,0.0,0,,RPXNMLKKMHMFFDK98CA
竹南鎮,土地,保興段1~30地號,508.9,住,,,1060221,土地4建物0車位0,,,其他,,,,0.0,0,0,0,有,無,34000000,66811,,0.0,0,,RPVNMLKMLHMFFDK88CA
竹南鎮,房地(土地+建物),苗栗縣竹南鎮頂埔里13鄰中華路78巷48弄1~30號,50.66,住,,,1060124,土地1建物1車位0,全,二層,透天厝,住家用,加強磚造,0670203,96.6,4,2,2,有,無,3500000,36232,,0.0,0,,RPRNMLKLLHMFFDK38CA
竹南鎮,房地(土地+建物),苗栗縣竹南鎮竹南里13鄰民權街31~60號,111.53,住,,,1060217,土地2建物1車位0,全,四層,透天厝,住商用,鋼筋混凝土造,0990416,263.17,3,3,4,有,無,22800000,86636,,0.0,0,,RPUNMLKLLHMFFDK68CA
竹南鎮,房地(土地+建物),苗栗縣竹南鎮大埔里3鄰仁愛路645巷2弄1~30號,86.85,住,,,1060220,土地3建物1車位0,全,四層,透天厝,見其他登記事項,鋼筋混凝土造,1040814,237.95,4,2,3,有,有,9800000,41185,,0.0,0,,RPSNMLOLLHMFFDK88CA
通霄鎮,土地,福興段91~120地號,264.25,,山坡地保育區,丙種建築用地,1060308,土地1建物0車位0,,,其他,,,,0.0,0,0,0,有,無,687000,2600,,0.0,0,,RPPNMLMLLHMFFCK28CA
苑裡鎮,房地(土地+建物),苗栗縣苑裡鎮泰田里7鄰泰田91~120號,125.0,,特定農業區,甲種建築用地,1040413,土地4建物1車位0,全,三層,透天厝,住家用,鋼筋混凝土造,1051226,187.65,5,2,4,有,無,7500000,39968,,0.0,0,,RPSNMLMLLHMFFCK58CA
苑裡鎮,房地(土地+建物),苗栗縣苑裡鎮泰田里7鄰泰田91~120號,109.0,,特定農業區,甲種建築用地,1041112,土地5建物1車位0,全,三層,透天厝,住家用,鋼筋混凝土造,1051226,166.6,5,2,4,有,無,6750000,40516,,0.0,0,,RPOOMLMLLHMFFCK28CA
苑裡鎮,房地(土地+建物),苗栗縣苑裡鎮泰田里7鄰泰田91~120號,129.0,,特定農業區,甲種建築用地,1040602,土地4建物1車位0,全,三層,透天厝,住家用,鋼筋混凝土造,1051226,171.24,4,2,4,有,無,6680000,39010,,0.0,0,,RPPOMLMLLHMFFCK38CA
獅潭鄉,土地,八角林段481~510地號,35.0,,山坡地保育區,林業用地,1060224,土地1建物0車位0,,,其他,,,,0.0,0,0,0,有,無,5000,143,,0.0,0,,RPPNMLLKMHMFFAK97CA
卓蘭鎮,房地(土地+建物),苗栗縣卓蘭鎮坪林里17鄰?連91~120號,5820.0,,山坡地保育區,農牧用地,1060216,土地1建物1車位0,一層,一層,其他,見其他登記事項,見其他登記事項,0980907,120.15,3,2,2,有,無,5500000,45776,,0.0,0,,RPPNMLMKMHMFFAK08CA
泰安鄉,土地,橫龍山段331~360地號,360.0,,山坡地保育區,農牧用地,1060203,土地2建物0車位0,,,其他,,,,0.0,0,0,0,有,無,150000,417,,0.0,0,,RPPNMLNLLHMFFAK18CA
大湖鄉,土地,富興段301~330地號,110.88,住,,,1050407,土地4建物0車位0,,,其他,,,,0.0,0,0,0,有,無,1000000,9019,,0.0,0,含壹棟未辦保存登記建物。,RPSNMLMLLHMFFAK38CA
獅潭鄉,土地,獅潭段新店小段211~240地號,1499.0,,山坡地保育區,林業用地,1060302,土地2建物0車位0,,,其他,,,,0.0,0,0,0,有,無,360000,240,,0.0,0,,RPVNMLOLLHMFFAK88CA
獅潭鄉,土地,獅潭段新店小段211~240地號,6664.0,,山坡地保育區,農牧用地,1060302,土地3建物0車位0,,,其他,,,,0.0,0,0,0,有,無,1600000,240,,0.0,0,,RPWNMLOLLHMFFAK98CA
卓蘭鎮,土地,苗豐段541~570地號,1573.78,,特定農業區,農牧用地,1060205,土地1建物0車位0,,,其他,,,,0.0,0,0,0,有,無,4000000,2542,,0.0,0,,RPRNMLNLLHMFFAK38CA
泰安鄉,土地,橫龍山段331~360地號,120.0,,山坡地保育區,農牧用地,1060203,土地2建物0車位0,,,其他,,,,0.0,0,0,0,有,無,83000,692,,0.0,0,,RPUNMLMLLHMFFAK58CA
獅潭鄉,土地,銑櫃段391~420地號,8543.51,,山坡地保育區,林業用地,1060216,土地2建物0車位0,,,其他,,,,0.0,0,0,0,有,無,2800000,328,,0.0,0,,RPPNMLKLLHMFFAK87CA
卓蘭鎮,土地,大坪林段1381~1410地號,1000.0,,山坡地保育區,農牧用地,1060117,土地1建物0車位0,,,其他,,,,0.0,0,0,0,有,無,250000,250,,0.0,0,,RPRNMLLLLHMFFAK18CA
苗栗市,土地,勝利段2731~2760地號,130.0,住,,,1060301,土地1建物0車位0,,,其他,,,,0.0,0,0,0,有,無,5250000,40385,,0.0,0,,RPUNMLKMLHMFFBK58CA
苗栗市,土地,勝利段2731~2760地號,130.0,住,,,1060301,土地1建物0車位0,,,其他,,,,0.0,0,0,0,有,無,5250000,40385,,0.0,0,,RPVNMLKMLHMFFBK68CA
苗栗市,房地(土地+建物)+車位,苗栗縣苗栗市水源里21鄰金龍街91~120號,26.77,住,,,1060225,土地1建物1車位1,三層,,華廈(10層含以下有電梯),住家用,鋼筋混凝土造,0820425,156.56,3,2,2,有,有,2750000,17565,坡道平面,15.8,0,,RPUNMLNLLHMFFBK78CA
苗栗市,土地,維祥段維祥小段271~300地號,509.2,,特定農業區,農牧用地,1060221,土地1建物0車位0,,,其他,,,,0.0,0,0,0,有,無,5200000,10212,,0.0,0,,RPSNMLKLLHMFFBK28CA
頭份鎮,房地(土地+建物),苗栗縣頭份鎮上興里15鄰永昌街9巷1~30號,20.08,,山坡地保育區,丙種建築用地,1051229,土地1建物1車位0,二層,七層,華廈(10層含以下有電梯),住家用,鋼筋混凝土造,0860827,89.07000000000001,3,2,2,有,無,2350000,26384,,0.0,0,,RPUOMLLLLHMFFFK09CA
公館鄉,土地,關爺埔段541~570地號,3217.15,,特定農業區,農牧用地,1060220,土地1建物0車位0,,,其他,,,,0.0,0,0,0,有,無,6000000,1865,,0.0,0,,RPPNMLMLLHMFFBK28DA
三灣鄉,土地,北埔段31~60地號,1145.0,,山坡地保育區,農牧用地,1060222,土地3建物0車位0,,,其他,,,,0.0,0,0,0,有,無,1800000,1572,,0.0,0,,RPTNMLNKMHMFFFK09CA
頭份鎮,土地,八德段541~570地號,84.83,住,,,1060220,土地1建物0車位0,,,其他,,,,0.0,0,0,0,有,無,4800000,56584,,0.0,0,,RPRNMLKLLHMFFFK68DA
竹南鎮,房地(土地+建物),苗栗縣竹南鎮中華里18鄰大業街61~90號,24.64,住,,,1060313,土地1建物1車位0,二層,七層,華廈(10層含以下有電梯),住家用,鋼筋混凝土造,0831020,134.63,3,2,2,有,無,5000000,37139,,0.0,0,,RPPNMLLLLHMFFDK38DA
頭份鎮,土地,民富段1~30地號,485.17,住,,,1060307,土地1建物0車位0,,,其他,,,,0.0,0,0,0,有,無,29350000,60494,,0.0,0,,RPSNMLLLMHMFFFK88CA
頭份鎮,土地,八德段721~750地號,13442.62,其他,,,1060103,土地6建物0車位0,,,其他,,,,0.0,0,0,0,有,無,82704270,6152,,0.0,0,,RPRNMLPLMHMFFFK56CA
苗栗市,房地(土地+建物),苗栗縣苗栗市新東街大昌1~30號,67.0,住,,,1060308,土地1建物1車位0,全,一層,透天厝,住家用,磚造,0640501,47.94,2,1,1,有,無,2500000,52149,,0.0,0,原買賣交易不成交，原所有權人買回,RPRNMLMLLHMFFBK48DA
頭份鎮,房地(土地+建物)+車位,苗栗縣頭份鎮興隆里5鄰花園東路100巷1~30號,71.2,,山坡地保育區,丙種建築用地,1040817,土地1建物1車位1,七層,七層,華廈(10層含以下有電梯),見其他登記事項,鋼筋混凝土造,1051222,191.23000000000002,4,2,2,有,有,5880000,30748,坡道平面,0.0,0,,RPPNMLMLLHMFFFK58CA
頭份鎮,房地(土地+建物)+車位,苗栗縣頭份鎮興隆里5鄰花園東路100巷1~30號,67.45,,山坡地保育區,丙種建築用地,1051106,土地1建物1車位1,七層,七層,華廈(10層含以下有電梯),見其他登記事項,鋼筋混凝土造,1051222,181.39999999999998,4,2,2,有,有,5850000,32249,坡道平面,0.0,0,,RPQNMLMLLHMFFFK68CA
頭份鎮,房地(土地+建物)+車位,苗栗縣頭份鎮興隆里5鄰花園東路100巷1~30號,65.58,,山坡地保育區,丙種建築用地,1051106,土地1建物1車位1,七層,七層,華廈(10層含以下有電梯),見其他登記事項,鋼筋混凝土造,1051222,177.07,4,2,2,有,有,5700000,32191,坡道平面,0.0,0,,RPRNMLMLLHMFFFK78CA
頭份鎮,房地(土地+建物)+車位,苗栗縣頭份鎮興隆里5鄰花園東路91~120號,56.21,,山坡地保育區,丙種建築用地,1060111,土地1建物1車位1,五層,七層,華廈(10層含以下有電梯),見其他登記事項,鋼筋混凝土造,1051222,162.49,3,2,2,有,有,4980000,30648,坡道平面,0.0,0,,RPSNMLMLLHMFFFK88CA
頭份鎮,房地(土地+建物)+車位,苗栗縣頭份鎮興隆里5鄰花園東路91~120號,52.46,,山坡地保育區,丙種建築用地,1040624,土地1建物1車位1,六層,七層,華廈(10層含以下有電梯),見其他登記事項,鋼筋混凝土造,1051222,152.93,3,2,2,有,有,4630000,30275,坡道平面,0.0,0,,RPTNMLMLLHMFFFK98CA
頭份鎮,房地(土地+建物)+車位,苗栗縣頭份鎮興隆里5鄰花園東路91~120號,56.21,,山坡地保育區,丙種建築用地,1041209,土地1建物1車位1,四層,七層,華廈(10層含以下有電梯),見其他登記事項,鋼筋混凝土造,1051222,161.22,3,2,2,有,有,4900000,30393,坡道平面,0.0,0,,RPUNMLMLLHMFFFK09CA
頭份鎮,房地(土地+建物)+車位,苗栗縣頭份鎮興隆里5鄰花園東路121~150號,41.22,,山坡地保育區,丙種建築用地,1031105,土地1建物1車位1,五層,七層,華廈(10層含以下有電梯),見其他登記事項,鋼筋混凝土造,1051222,120.32,2,2,1,有,有,3360000,27926,坡道平面,0.0,0,,RPVNMLMLLHMFFFK56CA
南庄鄉,土地,庄東段601~630地號,23.96,住,,,1060124,土地2建物0車位0,,,其他,,,,0.0,0,0,0,有,無,364192,15200,,0.0,0,,RPTNMLOLLHMFFFK56CA
頭份鎮,房地(土地+建物)+車位,苗栗縣頭份鎮興隆里5鄰花園東路121~150號,43.09,,山坡地保育區,丙種建築用地,1031112,土地1建物1車位1,七層,七層,華廈(10層含以下有電梯),見其他登記事項,鋼筋混凝土造,1051222,126.93,2,2,1,有,有,3780000,29780,坡道平面,0.0,0,,RPXNMLMLLHMFFFK76CA
頭份鎮,房地(土地+建物)+車位,苗栗縣頭份鎮興隆里5鄰花園東路151~180號,54.34,,山坡地保育區,丙種建築用地,1040527,土地1建物1車位1,一層,七層,華廈(10層含以下有電梯),見其他登記事項,鋼筋混凝土造,1051222,146.36,3,2,2,有,有,4600000,31429,坡道平面,0.0,0,,RPOOMLMLLHMFFFK58CA
頭份鎮,房地(土地+建物)+車位,苗栗縣頭份鎮興隆里5鄰花園東路151~180號,41.22,,山坡地保育區,丙種建築用地,1051009,土地1建物1車位1,六層,七層,華廈(10層含以下有電梯),見其他登記事項,鋼筋混凝土造,1051222,118.6,2,2,1,有,有,3620000,30523,坡道平面,0.0,0,,RPPOMLMLLHMFFFK68CA
頭份鎮,房地(土地+建物)+車位,苗栗縣頭份鎮興隆里5鄰花園東路151~180號,41.22,,山坡地保育區,丙種建築用地,1031002,土地1建物1車位1,七層,七層,華廈(10層含以下有電梯),見其他登記事項,鋼筋混凝土造,1051222,118.6,2,2,1,有,有,3660000,30860,坡道平面,0.0,0,,RPROMLMLLHMFFFK88CA
頭份鎮,房地(土地+建物)+車位,苗栗縣頭份鎮興隆里5鄰花園東路151~180號,56.21,,山坡地保育區,丙種建築用地,1040415,土地1建物1車位1,一層,七層,華廈(10層含以下有電梯),見其他登記事項,鋼筋混凝土造,1051222,152.1,3,2,2,有,有,4580000,30112,坡道平面,0.0,0,,RPSOMLMLLHMFFFK98CA
頭份鎮,房地(土地+建物)+車位,苗栗縣頭份鎮興隆里5鄰花園東路151~180號,56.21,,山坡地保育區,丙種建築用地,1040916,土地1建物1車位1,二層,七層,華廈(10層含以下有電梯),見其他登記事項,鋼筋混凝土造,1051222,158.31,3,2,2,有,有,4800000,30320,坡道平面,0.0,0,,RPTOMLMLLHMFFFK09CA
頭份鎮,房地(土地+建物)+車位,苗栗縣頭份鎮興隆里5鄰花園東路151~180號,58.08,,山坡地保育區,丙種建築用地,1040116,土地1建物1車位1,一層,七層,華廈(10層含以下有電梯),見其他登記事項,鋼筋混凝土造,1051222,153.22,3,2,2,有,有,4750000,31001,坡道平面,0.0,0,,RPUOMLMLLHMFFFK56CA
頭份鎮,房地(土地+建物)+車位,苗栗縣頭份鎮興隆里5鄰花園東路151~180號,58.08,,山坡地保育區,丙種建築用地,1030924,土地1建物1車位1,五層,七層,華廈(10層含以下有電梯),見其他登記事項,鋼筋混凝土造,1051222,162.24,3,2,2,有,有,5050000,31127,坡道平面,0.0,0,,RPVOMLMLLHMFFFK66CA
頭份鎮,房地(土地+建物)+車位,苗栗縣頭份鎮興隆里5鄰花園東路151~180號,56.21,,山坡地保育區,丙種建築用地,1031023,土地1建物1車位1,一層,七層,華廈(10層含以下有電梯),見其他登記事項,鋼筋混凝土造,1051222,153.96,3,2,2,有,有,4750000,30852,坡道平面,0.0,0,,RPWOMLMLLHMFFFK76CA
頭份鎮,房地(土地+建物)+車位,苗栗縣頭份鎮興隆里5鄰花園東路151~180號,56.21,,山坡地保育區,丙種建築用地,1030910,土地1建物1車位1,五層,七層,華廈(10層含以下有電梯),見其他登記事項,鋼筋混凝土造,1051222,159.37,3,2,2,有,有,5080000,31876,坡道平面,0.0,0,,RPXOMLMLLHMFFFK86CA
頭份鎮,房地(土地+建物)+車位,苗栗縣頭份鎮興隆里5鄰花園東路151~180號,52.46,,山坡地保育區,丙種建築用地,1040429,土地1建物1車位1,二層,七層,華廈(10層含以下有電梯),見其他登記事項,鋼筋混凝土造,1051222,151.1,3,2,2,有,有,4750000,31436,坡道平面,0.0,0,,RPOPMLMLLHMFFFK68CA
頭份鎮,房地(土地+建物),苗栗縣頭份鎮興隆里5鄰花園東路151~180號,50.59,,山坡地保育區,丙種建築用地,1040817,土地1建物1車位0,七層,七層,華廈(10層含以下有電梯),見其他登記事項,鋼筋混凝土造,1051222,122.61,3,2,2,有,有,4150000,33847,,0.0,0,,RPPPMLMLLHMFFFK78CA
頭份鎮,房地(土地+建物),苗栗縣頭份鎮上興里15鄰永昌街7巷1~30號,24.34,,山坡地保育區,丙種建築用地,1051225,土地1建物1車位0,二層,七層,華廈(10層含以下有電梯),住家用,鋼筋混凝土造,0860827,91.08,3,2,2,有,有,2350000,25801,,0.0,0,,RPTNMLTLLHMFFFK07CA
頭份鎮,房地(土地+建物)+車位,苗栗縣頭份鎮民權里6鄰光華街31~60號,35.22,住,,,1060210,土地1建物1車位1,七層,十二層,住宅大樓(11層含以上有電梯),見其他登記事項,鋼筋混凝土造,1051208,170.98000000000002,3,2,2,有,有,6800000,45049,坡道平面,41.12,950000,,RPWNMLKMLHMFFFK56CA
苗栗市,土地,勝利段2851~2880地號,198.0,農,,,1050829,土地2建物0車位0,,,其他,,,,0.0,0,0,0,有,無,2150000,10859,,0.0,0,,RPPNMLLLLHMFFBK08CA
苗栗市,房地(土地+建物)+車位,苗栗縣苗栗市福麗里19鄰饒平街51巷1~30號,38.75,住,,,1060207,土地2建物1車位1,四層,五層,華廈(10層含以下有電梯),住家用,鋼筋混凝土造,1051213,129.93,3,2,2,有,有,6500000,50027,一樓平面,0.0,0,,RPUNMLLLLHMFFBK58CA
苗栗市,房地(土地+建物),苗栗縣苗栗市中苗里15鄰中山路541~570號,16.64,住,,,1060123,土地1建物1車位0,十三層,十三層,住宅大樓(11層含以上有電梯),住家用,鋼筋混凝土造,0890418,112.63000000000001,3,2,2,有,有,3300000,29299,,0.0,0,,RPVNMLLLLHMFFBK68CA
苗栗市,房地(土地+建物),苗1~30號,77.0,,山坡地保育區,丙種建築用地,1060206,土地2建物1車位0,全,二層,透天厝,住家用,加強磚造,0931013,111.29,4,2,2,有,無,5000000,44928,,0.0,0,,RPQNMLMLLHMFFBK28CA
公館鄉,房地(土地+建物),苗栗縣公館鄉館中村10鄰信義街1~30號,105.88,商,,,1060307,土地1建物1車位0,全,三層,透天厝,住商用,鋼筋混凝土造,0710619,273.38,5,2,3,有,無,6450000,23594,,0.0,0,,RPQNMLNLLHMFFBK38CA
苗栗市,土地,為公段961~990地號,191.62,住,,,1060215,土地1建物0車位0,,,其他,,,,0.0,0,0,0,有,無,5000000,26093,,0.0,0,,RPSNMLNLLHMFFBK58CA
卓蘭鎮,土地,大坪林段61~90地號,976.0,,山坡地保育區,國土保安用地,1060224,土地1建物0車位0,,,其他,,,,0.0,0,0,0,有,無,100000,102,,0.0,0,,RPQNMLLKMHMFFAK08CA
苑裡鎮,土地,苑坑段991~1020地號,3837.2,,山坡地保育區,農牧用地,1060301,土地1建物0車位0,,,其他,,,,0.0,0,0,0,有,無,4644000,1210,,0.0,0,,RPROMLMLLHMFFCK58CA
苑裡鎮,房地(土地+建物),苗栗縣苑裡鎮西平里4鄰西平1~30號,99.58,住,,,1060220,土地1建物1車位0,全,二層,透天厝,住家用,鋼筋混凝土造,0841003,115.12,2,1,2,有,無,5200000,45170,,0.0,0,,RPSOMLMLLHMFFCK68CA
苑裡鎮,房地(土地+建物),苗栗縣苑裡鎮社苓里1鄰社苓1~30號,107.34,,特定農業區,甲種建築用地,1050920,土地3建物1車位0,全,三層,透天厝,住家用,鋼筋混凝土造,1060113,167.76,5,1,4,有,無,7300000,43515,,0.0,0,,RPPNMLLLLHMFFCK18CA
苑裡鎮,房地(土地+建物),苗栗縣苑裡鎮泰田里7鄰泰田91~120號,110.0,,特定農業區,甲種建築用地,1040414,土地1建物1車位0,全,三層,透天厝,住家用,鋼筋混凝土造,1051226,181.99,5,2,4,有,無,7300000,40112,,0.0,0,,RPUNMLMLLHMFFCK78CA
苑裡鎮,房地(土地+建物),苗栗縣苑裡鎮中正里5鄰中正1~30號,113.53,住,,,1040901,土地2建物1車位0,全,四層,透天厝,住家用,鋼筋混凝土造,1051018,226.12,5,2,4,有,無,8150000,36043,,0.0,0,,RPPNMLOKMHMFFCK48CA
苑裡鎮,房地(土地+建物),苗栗縣苑裡鎮西勢里3鄰介壽路38巷31~60號,90.72,住,,,1060307,土地1建物1車位0,全,四層,透天厝,見其他登記事項,鋼筋混凝土造,1051215,199.29,5,3,3,有,無,8800000,44157,,0.0,0,,RPUNMLOKMHMFFCK98CA
苗栗市,土地,南勢坑段下南勢坑小段811~840地號,1222.83,,山坡地保育區,農牧用地,1051129,土地2建物0車位0,,,其他,,,,0.0,0,0,0,有,無,6658300,5445,,0.0,0,,RPPNMLTKMHMFFBK88CA
苑裡鎮,土地,啟心段1~30地號,280.05,,特定農業區,農牧用地,1060301,土地1建物0車位0,,,其他,,,,0.0,0,0,0,有,無,1700000,6070,,0.0,0,有合併使用之交易。,RPQNMLOLMHMFFCK68CA
造橋鄉,土地,淡文湖段451~480地號,3991.0,,山坡地保育區,農牧用地,1060214,土地2建物0車位0,,,其他,,,,0.0,0,0,0,有,無,3901804,978,,0.0,0,,RPTNMLNLLHMFFDK88CA
竹南鎮,房地(土地+建物),苗栗縣竹南鎮龍山里6鄰龍泉街67巷1~30號,131.36,住,,,1060225,土地2建物1車位0,全,四層,透天厝,見其他登記事項,鋼筋混凝土造,0870905,189.18,4,2,3,有,無,4500000,23787,,0.0,0,1.有增建。2.無門窗、無水電瓦斯、屬毛胚屋，不堪居住。,RPTNMLKLLHMFFDK58CA
苑裡鎮,房地(土地+建物),苗栗縣苑裡鎮西勢里3鄰介壽路38巷91~120號,82.42,住,,,1060307,土地1建物1車位0,全,三層,透天厝,見其他登記事項,鋼筋混凝土造,1051215,149.06,5,2,3,有,無,7080000,47498,,0.0,0,,RPWNMLOKMHMFFCK56CA
苑裡鎮,房地(土地+建物),苗栗縣苑裡鎮西勢里3鄰介壽路38巷91~120號,82.04,住,,,1060307,土地1建物1車位0,全,三層,透天厝,見其他登記事項,鋼筋混凝土造,1051215,149.06,5,2,3,有,無,7120000,47766,,0.0,0,,RPXNMLOKMHMFFCK66CA
竹南鎮,房地(土地+建物),苗栗縣竹南鎮大埔里2鄰科專六路45巷1~30號,50.14,住,,,1051231,土地1建物1車位0,一層,五層,店面(店鋪),見其他登記事項,鋼筋混凝土造,1041029,138.43,0,1,1,有,無,14500000,104746,,0.0,0,,RPPOMLKKMHMFFDK28CA
三義鄉,土地,雙連潭段811~840地號,4.0,,山坡地保育區,農牧用地,1060215,土地1建物0車位0,,,其他,,,,0.0,0,0,0,有,無,50000,12500,,0.0,0,畸零地或有合併使用之交易。,RPRNMLLLLHMFFEK58CA
銅鑼鄉,房地(土地+建物),苗栗縣銅鑼鄉銅鑼村39鄰雙峰路文園巷61~90號,92.42,,山坡地保育區,丙種建築用地,1060211,土地1建物1車位0,全,三層,透天厝,住家用,鋼筋混凝土造,0890413,135.6,3,1,2,有,無,4500000,33186,,0.0,0,,RPSNMLMLLHMFFEK78CA
頭份鎮,房地(土地+建物),苗栗縣頭份鎮上埔里4鄰中正一路121~150號,22.61,住,,,1060221,土地1建物1車位0,五層,十二層,華廈(10層含以下有電梯),見其他登記事項,鋼筋混凝土造,1041124,113.45000000000002,2,2,2,有,無,5000000,44072,,0.0,0,,RPSOMLLLLHMFFFK88CA
頭份鎮,房地(土地+建物),苗栗縣頭份鎮上興里15鄰永昌街5巷1~30號,22.31,,山坡地保育區,丙種建築用地,1060224,土地1建物1車位0,二層,七層,華廈(10層含以下有電梯),住家用,鋼筋混凝土造,0860827,91.08,3,2,2,有,有,2400000,26350,,0.0,0,,RPSNMLLLLHMFFFK78CA
頭份鎮,車位,苗栗縣頭份鎮民族里7鄰中華路931~960號,0.14,商,,,1060309,土地0建物0車位1,地下層,十三層,其他,商業用,鋼筋混凝土造,0840331,4233.67,0,0,0,有,有,700000,,坡道平面,0.0,700000,,RPQNMLLLLHMFFFK58CA
西湖鄉,土地,高埔段751~780地號,53.64,,山坡地保育區,農牧用地,1060215,土地5建物0車位0,,,其他,,,,0.0,0,0,0,有,無,20268,378,,0.0,0,親友、員工或其他特殊關係間之交易。,RPOPMLOLLHMFFEK78CA
三義鄉,土地,八股段661~690地號,719.3,,山坡地保育區,丙種建築用地,1051224,土地2建物0車位0,,,其他,,,,0.0,0,0,0,有,無,11800000,16405,,0.0,0,,RPPNMLRLLHMFFEK98CA
銅鑼鄉,土地,朝陽段31~60地號,41.46,住,,,1060312,土地1建物0車位0,,,其他,,,,0.0,0,0,0,有,無,2350000,56681,,0.0,0,合建分售,RPSNMLLLLHMFFEK68CA
銅鑼鄉,建物,苗栗縣銅鑼鄉永樂路31~60號,0.0,,,,1060312,土地0建物1車位0,四層,五層,華廈(10層含以下有電梯),見其他登記事項,見其他登記事項,1051026,136.78,3,2,2,有,無,3350000,24492,,0.0,0,,RPTNMLLLLHMFFEK78CA
竹南鎮,房地(土地+建物),苗栗縣竹南鎮大埔里2鄰大埔七街151~180號,27.23,住,,,1031210,土地1建物1車位0,一層，見其他登記事項,七層,華廈(10層含以下有電梯),見其他登記事項,鋼筋混凝土造,1050805,114.32,0,0,0,無,有,11110000,97183,,0.0,0,本件尚含頭份市信義段土地移轉面積5.04平方公尺。,RPSNMLTLLHMFFDK76CA
苑裡鎮,房地(土地+建物),苗栗縣苑裡鎮西勢里3鄰介壽路38巷91~120號,108.8,住,,,1060307,土地1建物1車位0,全,三層,透天厝,見其他登記事項,鋼筋混凝土造,1051215,212.74,4,3,4,有,無,8800000,41365,,0.0,0,,RPOOMLOKMHMFFCK48CA
苑裡鎮,房地(土地+建物),苗栗縣苑裡鎮西勢里3鄰介壽路38巷91~120號,107.45,住,,,1060307,土地1建物1車位0,全,三層,透天厝,見其他登記事項,鋼筋混凝土造,1051215,212.74,4,3,4,有,無,8880000,41741,,0.0,0,,RPPOMLOKMHMFFCK58CA
苑裡鎮,房地(土地+建物),苗栗縣苑裡鎮西勢里3鄰介壽路38巷91~120號,79.76,住,,,1060307,土地1建物1車位0,全,三層,透天厝,見其他登記事項,鋼筋混凝土造,1051215,149.06,5,2,3,有,無,7100000,47632,,0.0,0,,RPROMLOKMHMFFCK78CA
苑裡鎮,房地(土地+建物),苗栗縣苑裡鎮西勢里3鄰介壽路38巷91~120號,84.99,住,,,1060307,土地1建物1車位0,全,三層,透天厝,見其他登記事項,鋼筋混凝土造,1051215,149.07,5,2,3,有,無,7200000,48299,,0.0,0,,RPSOMLOKMHMFFCK88CA
苑裡鎮,房地(土地+建物),苗栗縣苑裡鎮西勢里3鄰介壽路38巷61~90號,112.46,住,,,1060307,土地2建物1車位0,全,三層,透天厝,見其他登記事項,鋼筋混凝土造,1051215,149.06,5,2,3,有,無,7180000,48169,,0.0,0,,RPTOMLOKMHMFFCK98CA
通霄鎮,土地,圳頭段601~630地號,2696.07,,山坡地保育區,農牧用地,1060217,土地2建物0車位0,,,其他,,,,0.0,0,0,0,有,無,4500000,1669,,0.0,0,,RPPNMLQKMHMFFCK68CA
竹南鎮,房地(土地+建物),苗栗縣竹南鎮海口里9鄰仁德路331~360號,102.6,住,,,1041221,土地1建物1車位0,全,四層,透天厝,住家用,鋼筋混凝土造,1051028,233.74,4,1,5,有,無,11300000,48344,,0.0,0,,RPRNMLNLLHMFFDK68CA
竹南鎮,土地,大同段1021~1050地號,236.53,住,,,1051231,土地1建物0車位0,,,其他,,,,0.0,0,0,0,有,無,7450695,31500,,0.0,0,親戚間買賣,RPRNMLLLLHMFFDK48CA
竹南鎮,房地(土地+建物),苗栗縣竹南鎮山佳里26鄰佳北一街109巷1~30號,82.17,住,,,1060305,土地1建物1車位0,全,三層,透天厝,住家用,鋼筋混凝土造,1050328,180.98,5,2,5,有,無,10900000,60228,,0.0,0,,RPQNMLMLLHMFFDK48CA
竹南鎮,房地(土地+建物),苗栗縣竹南鎮山佳里26鄰佳北一街109巷1~30號,80.13,住,,,1060209,土地1建物1車位0,全,三層,透天厝,住家用,鋼筋混凝土造,1050328,177.75,4,2,5,有,無,10880000,61210,,0.0,0,,RPUNMLMLLHMFFDK88CA
苗栗市,房地(土地+建物)+車位,苗栗縣苗栗市文山里4鄰文發路98巷1~30號,39.97,住,,,1060224,土地1建物1車位1,三層,五層,華廈(10層含以下有電梯),住家用,鋼筋混凝土造,1040622,131.9,3,2,2,有,有,6680000,50644,一樓平面,0.0,0,,RPRNMLLKMHMFFBK28CA
苑裡鎮,房地(土地+建物),苗栗縣苑裡鎮中正里5鄰中正1~30號,165.29,住,,,1050325,土地2建物1車位0,全,四層,透天厝,住家用,鋼筋混凝土造,1051018,225.8,4,2,4,有,無,9200000,40744,,0.0,0,,RPVNMLOKMHMFFCK09CA
苑裡鎮,房地(土地+建物),苗栗縣苑裡鎮中正里5鄰中正1~30號,112.24,住,,,1040825,土地2建物1車位0,全,四層,透天厝,住家用,鋼筋混凝土造,1051018,226.12,5,2,4,有,無,7800000,34495,,0.0,0,,RPSNMLOKMHMFFCK78CA
苑裡鎮,房地(土地+建物),苗栗縣苑裡鎮中正里5鄰中正1~30號,112.21,住,,,1040825,土地2建物1車位0,全,四層,透天厝,住家用,鋼筋混凝土造,1051018,225.96,3,2,3,有,無,7800000,34519,,0.0,0,,RPTNMLOKMHMFFCK88CA
苑裡鎮,土地,玉豐段871~900地號,223.33,,特定農業區,甲種建築用地,1060308,土地2建物0車位0,,,其他,,,,0.0,0,0,0,有,無,2620230,11733,,0.0,0,1.親友、員工或其他特殊關係間之交易。,RPRNMLNLLHMFFCK58CA
苑裡鎮,土地,房南段871~900地號,162.25,,特定農業區,甲種建築用地,1060202,土地2建物0車位0,,,其他,,,,0.0,0,0,0,有,無,700000,4314,,0.0,0,親友、員工或其他特殊關係間之交易。,RPPNMLRLLHMFFCK78CA
大湖鄉,土地,富興段331~360地號,119.08,住,,,1060307,土地2建物0車位0,,,其他,,,,0.0,0,0,0,有,無,2171245,18233,,0.0,0,親友、員工或其他特殊關係間之交易。,RPPNMLLMLHMFFAK08CA
獅潭鄉,房地(土地+建物),苗栗縣獅潭鄉新店村15鄰大東勢1~30號,2136.0,,山坡地保育區,農牧用地,1060303,土地1建物1車位0,一層,一層,農舍,農舍,見其他登記事項,1020520,80.44,1,1,1,有,無,5880000,,,0.0,0,,RPQNMLMLLHMFFAK18CA
苗栗市,房地(土地+建物),苗栗縣苗栗市福麗里26鄰民族路101巷31~60號,32.73,住,,,1060212,土地1建物1車位0,一層，二層，騎樓,,華廈(10層含以下有電梯),住家用,鋼筋混凝土造,0810928,116.51,3,2,2,有,無,4000000,34332,,0.0,0,,RPRNMLNLLHMFFBK48CA
頭份鎮,房地(土地+建物),苗栗縣頭份鎮興隆里13鄰華興街12巷1~30號,92.01,,山坡地保育區,丙種建築用地,1060221,土地1建物1車位0,全,二層,透天厝,住家用,加強磚造,0701204,88.8,5,2,3,有,無,3100000,34910,,0.0,0,,RPXNMLKMLHMFFFK66CA
頭份鎮,房地(土地+建物),苗栗縣頭份鎮民族里3鄰自強路241~270號,14.97,住,,,1060222,土地1建物1車位0,七層,十層,華廈(10層含以下有電梯),見其他登記事項,見其他登記事項,1010523,103.53999999999999,3,2,2,有,無,4800000,46359,,0.0,0,,RPQNMLRLLHMFFFK56CA
頭份鎮,房地(土地+建物)+車位,苗栗縣頭份鎮東庄里24鄰華美街91~120號,51.09,住,,,1060113,土地1建物1車位2,十層,十層,華廈(10層含以下有電梯),見其他登記事項,鋼筋混凝土造,1051115,262.76,3,2,2,有,有,18180000,69189,坡道平面,0.0,1740000,,RPSNMLRLLHMFFFK76CA
頭份鎮,房地(土地+建物)+車位,苗栗縣頭份鎮東庄里24鄰華美街91~120號,50.03,住,,,1060113,土地1建物1車位2,十層,十層,華廈(10層含以下有電梯),見其他登記事項,鋼筋混凝土造,1051115,258.98,3,2,2,有,有,17100000,66028,坡道機械,0.0,1490000,,RPTNMLRLLHMFFFK86CA
三灣鄉,土地,灣銅段241~270地號,178.1,,山坡地保育區,丙種建築用地,1060103,土地1建物0車位0,,,其他,,,,0.0,0,0,0,有,無,1610000,9040,,0.0,0,,RPXOMLOLLHMFFFK07CA
卓蘭鎮,土地,苗豐段631~660地號,173.18,,特定農業區,甲種建築用地,1060314,土地1建物0車位0,,,其他,,,,0.0,0,0,0,有,無,2600000,15013,,0.0,0,,RPSNMLSLLHMFFAK09DA
南庄鄉,土地,田尾段511~540地號,2500.0,,山坡地保育區,林業用地,1060313,土地1建物0車位0,,,其他,,,,0.0,0,0,0,有,無,2000000,800,,0.0,0,,RPQNMLLLMHMFFFK68CA
頭份鎮,土地,義民段931~960地號,53.71,住,,,1060223,土地1建物0車位0,,,其他,,,,0.0,0,0,0,有,無,2145000,39937,,0.0,0,向政府機關承購之案件。,RPSNMLOLLHMFFFK09CA
頭份鎮,房地(土地+建物),苗栗縣頭份鎮民生里5鄰新立街31~60號,158.23,住,,,1060313,土地1建物1車位0,全,三層,透天厝,住商用,鋼筋混凝土造,1030317,352.25,11,1,11,有,無,13080000,37133,,0.0,0,,RPRNMLTLLHMFFFK86CA
三灣鄉,土地,北埔段331~360地號,3584.0,,山坡地保育區,農牧用地,1060310,土地2建物0車位0,,,其他,,,,0.0,0,0,0,有,無,1500000,419,,0.0,0,,RPRPMLMLLHMFFFK98CA
頭份鎮,房地(土地+建物),苗栗縣頭份鎮民權里2鄰東民路26巷1~30號,32.33,住,,,1060308,土地1建物1車位0,二層,三層,公寓(5樓含以下無電梯),住家用,鋼筋混凝土造,0701226,67.05,3,2,2,有,無,1450000,21626,,0.0,0,,RPTPMLMLLHMFFFK56CA
頭份鎮,房地(土地+建物),苗栗縣頭份鎮上興里12鄰水源路417巷1~30號,557.0,,山坡地保育區,農牧用地,1060124,土地1建物1車位0,一層，二層，三層,三層,農舍,農舍,鋼筋混凝土造,1051202,166.59,5,1,3,有,無,2000000,,,0.0,0,親友關係間之交易，未訂立私契，本件僅含土地價金，建物為買方自建。,RPQNMLOLLHMFFFK88CA
頭份鎮,房地(土地+建物),苗栗縣頭份鎮流東里17鄰中正新村31~60號,99.76,,山坡地保育區,丙種建築用地,1060222,土地2建物1車位0,全,四層,透天厝,住家用,鋼筋混凝土造,0870616,166.95,4,2,2,有,無,5380000,32225,,0.0,0,,RPWNMLMLLHMFFFK66CA
苗栗市,土地,苗栗段211~240地號,232.0,住,,,1060124,土地1建物0車位0,,,其他,,,,0.0,0,0,0,有,無,20000000,86207,,0.0,0,,RPTNMLNLLHMFFBK68CA
苗栗市,房地(土地+建物)+車位,苗栗縣苗栗市福麗里19鄰饒平街51巷1~30號,38.75,住,,,1060124,土地2建物1車位1,四層,五層,華廈(10層含以下有電梯),住家用,鋼筋混凝土造,1051213,129.93,3,2,2,有,有,6800000,52336,一樓平面,0.0,0,,RPXNMLOLLHMFFBK56CA
大湖鄉,土地,南湖段1321~1350地號,755.0,,山坡地保育區,農牧用地,1060220,土地1建物0車位0,,,其他,,,,0.0,0,0,0,有,無,912000,1208,,0.0,0,,RPUNMLOLLHMFFAK78CA
苑裡鎮,土地,啟心段1171~1200地號,1125.18,,特定農業區,農牧用地,1060303,土地1建物0車位0,,,其他,,,,0.0,0,0,0,有,無,2587914,2300,,0.0,0,親友、員工或其他特殊關係間之交易。,RPQNMLNLLHMFFCK48CA
苑裡鎮,土地,西海段721~750地號,2808.0,,特定農業區,農牧用地,1060311,土地1建物0車位0,,,其他,,,,0.0,0,0,0,有,無,5616000,2000,,0.0,0,親友、員工或其他特殊關係間之交易。,RPSNMLSLLHMFFCK56CA
通霄鎮,土地,海濱段151~180地號,1653.02,,一般農業區,農牧用地,1060221,土地2建物0車位0,,,其他,,,,0.0,0,0,0,有,無,4900000,2964,,0.0,0,,RPQNMLKMLHMFFCK28CA
苗栗市,土地,南勢坑段下南勢坑小段931~960地號,26.0,農,,,1060302,土地1建物0車位0,,,其他,,,,0.0,0,0,0,有,無,75000,2885,,0.0,0,畸零地或有合併使用之交易。,RPROMLKMLHMFFBK38CA
苗栗市,土地,南勢坑段下南勢坑小段931~960地號,37.0,農,,,1060302,土地1建物0車位0,,,其他,,,,0.0,0,0,0,有,無,105000,2838,,0.0,0,畸零地或有合併使用之交易。,RPSOMLKMLHMFFBK48CA
苗栗市,土地,南勢坑段下南勢坑小段931~960地號,104.0,農,,,1060302,土地1建物0車位0,,,其他,,,,0.0,0,0,0,有,無,300000,2885,,0.0,0,畸零地或有合併使用之交易。權利人共5人,RPTOMLKMLHMFFBK58CA
苗栗市,土地,巨蛋段1621~1650地號,87.99,其他,,,1051223,土地8建物0車位0,,,其他,,,,0.0,0,0,0,有,無,1083999,12320,,0.0,0,(包含)公共設施保留地之交易。畸零地或有合併使用之交易。,RPTNMLKMLHMFFBK48CA
竹南鎮,土地,東崎頂段361~390地號,157.81,,山坡地保育區,丙種建築用地,1051231,土地1建物0車位0,,,其他,,,,0.0,0,0,0,有,無,820612,5200,,0.0,0,親友關係間之交易。,RPVNMLMLLHMFFDK98CA
竹南鎮,房地(土地+建物)+車位,苗栗縣竹南鎮山佳里21鄰佳北二街111巷1~30號,30.94,住,,,1060211,土地1建物1車位1,六層,七層,華廈(10層含以下有電梯),住家用,鋼筋混凝土造,1000829,120.13,2,2,1,有,有,5250000,43703,升降機械,0.0,0,,RPPNMLNLLHMFFDK48CA
後龍鎮,土地,龍坑段811~840地號,24610.76,,山坡地保育區,農牧用地,1060213,土地11建物0車位0,,,其他,,,,0.0,0,0,0,有,無,5500000,223,,0.0,0,,RPSNMLNLLHMFFDK78CA
竹南鎮,房地(土地+建物),苗栗縣竹南鎮頂埔里15鄰中華路99巷10弄1~30號,94.3,住,,,1060220,土地1建物1車位0,全,二層,透天厝,住家用,加強磚造,0790628,128.55,6,2,3,有,無,6680000,51964,,0.0,0,,RPVNMLNLLHMFFDK09CA
竹南鎮,房地(土地+建物)+車位,苗栗縣竹南鎮竹南里10鄰和平街61~90號,8.92,商,,,1060309,土地1建物1車位1,十層,十八層,住宅大樓(11層含以上有電梯),住家用,鋼筋混凝土造,0871111,164.93,3,2,2,有,有,6500000,39411,坡道平面,0.0,0,,RPQNMLOLLHMFFDK68CA
竹南鎮,土地,天聲段631~660地號,121.43,住,,,1060122,土地2建物0車位0,,,其他,,,,0.0,0,0,0,有,無,3600000,29647,,0.0,0,,RPPNMLSLLHMFFDK98CA
苑裡鎮,房地(土地+建物),苗栗縣苑裡鎮西勢里3鄰介壽路38巷61~90號,108.85,住,,,1060307,土地2建物1車位0,全,三層,透天厝,見其他登記事項,鋼筋混凝土造,1051215,149.06,5,2,3,有,無,7000000,46961,,0.0,0,,RPUOMLOKMHMFFCK09CA
苑裡鎮,房地(土地+建物),苗栗縣苑裡鎮西勢里3鄰介壽路38巷61~90號,108.83,住,,,1060307,土地2建物1車位0,全,三層,透天厝,見其他登記事項,鋼筋混凝土造,1051215,149.06,5,2,3,有,無,7080000,47498,,0.0,0,,RPVOMLOKMHMFFCK56CA
苑裡鎮,房地(土地+建物),苗栗縣苑裡鎮西勢里3鄰介壽路38巷61~90號,121.05,住,,,1060307,土地2建物1車位0,全,三層,透天厝,見其他登記事項,鋼筋混凝土造,1051215,149.07,5,2,3,有,無,7350000,49306,,0.0,0,,RPWOMLOKMHMFFCK66CA
苑裡鎮,房地(土地+建物),苗栗縣苑裡鎮西勢里3鄰介壽路38巷61~90號,113.55,住,,,1060307,土地2建物1車位0,全,三層,透天厝,見其他登記事項,鋼筋混凝土造,1051215,149.07,5,2,3,有,無,7200000,48299,,0.0,0,,RPXOMLOKMHMFFCK76CA
苑裡鎮,房地(土地+建物),苗栗縣苑裡鎮西勢里3鄰介壽路38巷91~120號,80.13,住,,,1060307,土地1建物1車位0,全,三層,透天厝,見其他登記事項,鋼筋混凝土造,1051215,149.06,5,2,3,有,無,7080000,47498,,0.0,0,,RPQOMLOKMHMFFCK68CA
造橋鄉,房地(土地+建物),苗栗縣造橋鄉談文村5鄰育英街1~30號,15.17,,山坡地保育區,丙種建築用地,1060301,土地1建物1車位0,一層,三層,公寓(5樓含以下無電梯),住家用,鋼筋混凝土造,0930513,20.759999999999998,1,0,1,有,無,420000,20231,,0.0,0,,RPSOMLNKMHMFFDK88CA
竹南鎮,房地(土地+建物),苗栗縣竹南鎮大埔里22鄰五福街65巷4弄1~30號,56.2,,山坡地保育區,丙種建築用地,1060308,土地1建物1車位0,全,四層,透天厝,住家用,鋼筋混凝土造,0830607,189.46,4,3,3,有,無,3650000,19265,,0.0,0,,RPQNMLRKMHMFFDK98CA
銅鑼鄉,土地,新雞隆段241~270地號,3289.0,,山坡地保育區,農牧用地,1060303,土地1建物0車位0,,,其他,,,,0.0,0,0,0,有,無,3000000,912,,0.0,0,總價包含道路用地持分。,RPQNMLNLLHMFFEK68CA
銅鑼鄉,土地,新雞隆段241~270地號,2515.0,,山坡地保育區,農牧用地,1060303,土地1建物0車位0,,,其他,,,,0.0,0,0,0,有,無,5000000,1988,,0.0,0,總價包含道路用地持分。,RPSNMLNLLHMFFEK88CA
銅鑼鄉,土地,新雞隆段241~270地號,2515.0,,山坡地保育區,農牧用地,1060303,土地1建物0車位0,,,其他,,,,0.0,0,0,0,有,無,5000000,1988,,0.0,0,總價包含道路用地持分。,SPSNMLNLLHMFFEK98CA
銅鑼鄉,土地,新雞隆段241~270地號,2516.0,,山坡地保育區,農牧用地,1060303,土地1建物0車位0,,,其他,,,,0.0,0,0,0,有,無,5000000,1987,,0.0,0,總價含道路用地持分。,RPROMLOLLHMFFEK98CA
西湖鄉,土地,高埔段1171~1200地號,6824.0,,山坡地保育區,農牧用地,1060110,土地3建物0車位0,,,其他,,,,0.0,0,0,0,有,無,16100000,2359,,0.0,0,,RPQNMLKLMHMFFEK48CA
西湖鄉,土地,高埔段1171~1200地號,5068.0,,山坡地保育區,農牧用地,1060110,土地2建物0車位0,,,其他,,,,0.0,0,0,0,有,無,3891000,768,,0.0,0,,RPRNMLKLMHMFFEK58CA
西湖鄉,土地,高埔段1171~1200地號,5071.0,,山坡地保育區,農牧用地,1060110,土地2建物0車位0,,,其他,,,,0.0,0,0,0,有,無,3893000,768,,0.0,0,,RPSNMLKLMHMFFEK68CA
西湖鄉,土地,高埔段1171~1200地號,7909.0,,山坡地保育區,農牧用地,1060110,土地6建物0車位0,,,其他,,,,0.0,0,0,0,有,無,6072000,768,,0.0,0,,RPTNMLKLMHMFFEK78CA
西湖鄉,土地,高埔段1171~1200地號,6565.0,,山坡地保育區,農牧用地,1060110,土地5建物0車位0,,,其他,,,,0.0,0,0,0,有,無,5044000,768,,0.0,0,,RPUNMLKLMHMFFEK88CA
銅鑼鄉,土地,樟樹段31~60地號,2852.96,,特定農業區,農牧用地,1060207,土地3建物0車位0,,,其他,,,,0.0,0,0,0,有,無,9037724,3168,,0.0,0,含增建或未登記建物。,RPRNMLRLLHMFFEK56CA
銅鑼鄉,土地,樟樹段31~60地號,3845.62,,特定農業區,農牧用地,1060207,土地3建物0車位0,,,其他,,,,0.0,0,0,0,有,無,11576276,3010,,0.0,0,含增建或未登記建物。,RPSNMLRLLHMFFEK66CA
造橋鄉,土地,北豐湖段541~570地號,918.5,,山坡地保育區,農牧用地,1060214,土地4建物0車位0,,,其他,,,,0.0,0,0,0,有,無,550000,599,,0.0,0,,RPVNMLOKMHMFFDK56CA
後龍鎮,土地,後龍段柳樹灣小段241~270地號,3075.0,,特定農業區,農牧用地,1060224,土地1建物0車位0,,,其他,,,,0.0,0,0,0,有,無,9300000,3024,,0.0,0,,RPTNMLRLLHMFFDK66CA
竹南鎮,房地(土地+建物),苗栗縣竹南鎮大埔里想思林1~30號,123.87,,特定農業區,甲種建築用地,1060122,土地1建物1車位0,全,三層,透天厝,住家用,鋼筋混凝土造,1050819,186.87,4,2,4,有,無,8000000,42811,,0.0,0,,RPQNMLTLLHMFFDK56CA
竹南鎮,房地(土地+建物),苗栗縣竹南鎮海口里7鄰海口91~120號,85.09,住,,,1060213,土地2建物1車位0,全,三層,透天厝,住家用,鋼筋混凝土造,0880320,156.51,4,1,2,有,無,6100000,38975,,0.0,0,,RPQNMLKMLHMFFDK38CA
苑裡鎮,土地,社柑段1831~1860地號,58.98,,特定農業區,甲種建築用地,1060218,土地1建物0車位0,,,其他,,,,0.0,0,0,0,有,無,1159600,19661,,0.0,0,,RPRNMLRKMHMFFCK98CA
通霄鎮,土地,內湖東段1141~1170地號,4709.09,,一般農業區,農牧用地,1051220,土地5建物0車位0,,,其他,,,,0.0,0,0,0,有,無,45000000,9556,,0.0,0,,RPSNMLSKMHMFFCK56CA
後龍鎮,土地,龍頂段241~270地號,196.46,住,,,1060301,土地1建物0車位0,,,其他,,,,0.0,0,0,0,有,無,7800000,39703,,0.0,0,,RPPNMLRLLHMFFDK88CA
竹南鎮,房地(土地+建物)+車位,苗栗縣竹南鎮新南里1鄰三平路1~30號,25.97,商,,,1060217,土地2建物1車位1,九層,十四層,住宅大樓(11層含以上有電梯),見其他登記事項,鋼筋混凝土造,1040701,211.41000000000003,4,2,2,有,有,9800000,46355,一樓平面,0.0,0,,RPQNMLRLLHMFFDK98CA
後龍鎮,土地,龍成段1~30地號,146.75,住,,,1060309,土地1建物0車位0,,,其他,,,,0.0,0,0,0,有,無,6236875,42500,,0.0,0,臺灣苗栗農田水利會標售,RPWNMLNLLHMFFDK56CA
苗栗市,房地(土地+建物)+車位,苗栗縣苗栗市福星里20鄰嘉福街1~30號,21.9,住,,,1060301,土地1建物1車位1,六層,,華廈(10層含以下有電梯),住家用,鋼筋混凝土造,0821026,130.67000000000002,3,2,2,有,有,3650000,0,坡道平面,492.6,0,,RPVNMLPJMHMFFBK98CA
公館鄉,房地(土地+建物),苗栗縣公館鄉福基村10鄰271~300號,97.0,,鄉村區,乙種建築用地,1060308,土地1建物1車位0,全,,透天厝,住家用,加強磚造,,117.6,4,1,2,有,無,2100000,17857,,0.0,0,,RPQNMLQJMHMFFBK58CA
苗栗市,土地,聯大段2401~2430地號,73.64,,山坡地保育區,農牧用地,1060217,土地2建物0車位0,,,其他,,,,0.0,0,0,0,有,無,350000,4753,,0.0,0,建地價金新台幣27萬元正；農地價金新台幣捌萬元正；合計新台幣參拾伍萬元正。,RPRNMLTKMHMFFBK09CA
卓蘭鎮,土地,大坪林段301~330地號,1188.0,,山坡地保育區,農牧用地,1060213,土地1建物0車位0,,,其他,,,,0.0,0,0,0,有,無,1360000,1145,,0.0,0,,RPPNMLPLLHMFFAK38CA
大湖鄉,土地,興榮段271~300地號,3326.0,,山坡地保育區,農牧用地,1060217,土地1建物0車位0,,,其他,,,,0.0,0,0,0,有,無,3000000,902,,0.0,0,,RPPNMLOLLHMFFAK28CA
獅潭鄉,土地,獅潭段和興小段271~300地號,109.0,,山坡地保育區,農牧用地,1060303,土地1建物0車位0,,,其他,,,,0.0,0,0,0,有,無,17000,156,,0.0,0,,RPSNMLOLLHMFFAK58CA
獅潭鄉,土地,獅潭段和興小段271~300地號,344.0,,山坡地保育區,農牧用地,1060303,土地1建物0車位0,,,其他,,,,0.0,0,0,0,有,無,55000,160,,0.0,0,,RPTNMLOLLHMFFAK68CA
大湖鄉,土地,大湖段181~210地號,7905.0,,山坡地保育區,農牧用地,1060104,土地3建物0車位0,,,其他,,,,0.0,0,0,0,有,無,7500000,949,,0.0,0,,RPRNMLPJMHMFFAK48CA
苗栗市,房地(土地+建物),苗栗縣苗栗市文聖里21鄰祥雲1~30號,98.67,,山坡地保育區,丙種建築用地,1060122,土地1建物1車位0,全,五層,透天厝,住家用,鋼筋混凝土造,0840215,179.71,5,2,3,有,無,2980000,16582,,0.0,0,,RPOOMLOLLHMFFBK38CA
公館鄉,房地(土地+建物),苗栗縣公館鄉館東村15鄰忠孝路181~210號,86.24,住,,,1060307,土地1建物1車位0,全,三層,透天厝,住家用,鋼筋混凝土造,1050620,175.13,5,2,3,有,無,8150000,46537,,0.0,0,,RPQNMLRLLHMFFBK78CA
苗栗市,土地,勝利段2101~2130地號,364.0,農,,,1060301,土地1建物0車位0,,,其他,,,,0.0,0,0,0,有,無,4070000,11181,,0.0,0,,RPPNMLOLLHMFFBK38CA
頭份鎮,房地(土地+建物)+車位,苗栗縣頭份鎮興隆里5鄰花園東路100巷1~30號,67.45,,山坡地保育區,丙種建築用地,1030806,土地1建物1車位1,一層,七層,華廈(10層含以下有電梯),見其他登記事項,鋼筋混凝土造,1051222,176.75,4,2,2,有,有,5380000,30438,坡道平面,0.0,0,,RPUNMLOLLHMFFFK66CA
頭份鎮,房地(土地+建物)+車位,苗栗縣頭份鎮興隆里5鄰花園東路100巷1~30號,52.46,,山坡地保育區,丙種建築用地,1040217,土地1建物1車位1,七層,七層,華廈(10層含以下有電梯),見其他登記事項,鋼筋混凝土造,1051222,152.16000000000003,3,2,2,有,有,4910000,32269,坡道平面,0.0,0,,RPWNMLOLLHMFFFK86CA
頭份鎮,房地(土地+建物)+車位,苗栗縣頭份鎮興隆里5鄰花園東路91~120號,52.46,,山坡地保育區,丙種建築用地,1040612,土地1建物1車位1,二層,七層,華廈(10層含以下有電梯),見其他登記事項,鋼筋混凝土造,1051222,151.85,3,2,2,有,有,4600000,30293,坡道平面,0.0,0,,RPXNMLOLLHMFFFK96CA
頭份鎮,房地(土地+建物)+車位,苗栗縣頭份鎮興隆里5鄰花園東路151~180號,41.22,,山坡地保育區,丙種建築用地,1051002,土地1建物1車位1,二層,七層,華廈(10層含以下有電梯),見其他登記事項,鋼筋混凝土造,1051222,118.6,2,2,1,有,有,3480000,29342,坡道平面,0.0,0,,RPOOMLOLLHMFFFK78CA
頭份鎮,房地(土地+建物)+車位,苗栗縣頭份鎮興隆里5鄰花園東路151~180號,56.21,,山坡地保育區,丙種建築用地,1041223,土地1建物1車位1,四層,七層,華廈(10層含以下有電梯),見其他登記事項,鋼筋混凝土造,1051222,158.31,3,2,2,有,有,4800000,30320,坡道平面,0.0,0,,RPPOMLOLLHMFFFK88CA
頭份鎮,房地(土地+建物)+車位,苗栗縣頭份鎮興隆里5鄰花園東路151~180號,54.34,,山坡地保育區,丙種建築用地,1040701,土地1建物1車位1,四層,七層,華廈(10層含以下有電梯),見其他登記事項,鋼筋混凝土造,1051222,151.92,3,2,2,有,有,4800000,31596,坡道平面,0.0,0,,RPQOMLOLLHMFFFK98CA
頭份鎮,房地(土地+建物)+車位,苗栗縣頭份鎮興隆里5鄰花園東路151~180號,58.08,,山坡地保育區,丙種建築用地,1040429,土地1建物1車位1,七層,七層,華廈(10層含以下有電梯),見其他登記事項,鋼筋混凝土造,1051222,162.24,3,2,2,有,有,5000000,30819,坡道平面,0.0,0,,RPROMLOLLHMFFFK09CA
頭份鎮,房地(土地+建物)+車位,苗栗縣頭份鎮興隆里5鄰花園東路151~180號,52.46,,山坡地保育區,丙種建築用地,1050925,土地1建物1車位1,三層,七層,華廈(10層含以下有電梯),見其他登記事項,鋼筋混凝土造,1051222,151.1,3,2,2,有,有,4800000,31767,坡道平面,0.0,0,,RPSOMLOLLHMFFFK56CA
頭份鎮,房地(土地+建物)+車位,苗栗縣頭份鎮民族里15鄰中華路953巷1~30號,17.63,住,,,1060306,土地2建物1車位1,十一層,十三層,住宅大樓(11層含以上有電梯),住家用,鋼筋混凝土造,0840331,130.36,3,2,2,有,有,4200000,32218,坡道平面,0.0,0,,RPRNMLOLLHMFFFK98CA
頭份鎮,房地(土地+建物)+車位,苗栗縣頭份鎮民權里6鄰光華街31~60號,29.58,住,,,1040303,土地1建物1車位1,十一層,十二層,住宅大樓(11層含以上有電梯),見其他登記事項,鋼筋混凝土造,1051208,150.57,3,2,2,有,有,5850000,45683,坡道平面,41.12,850000,,RPPNMLKMLHMFFFK48CA
頭份鎮,房地(土地+建物)+車位,苗栗縣頭份鎮民權里6鄰光華街31~60號,29.23,住,,,1040303,土地1建物1車位1,六層,十二層,住宅大樓(11層含以上有電梯),見其他登記事項,鋼筋混凝土造,1051208,148.76999999999998,3,2,2,有,有,5700000,45053,坡道平面,41.12,850000,,SPPNMLKMLHMFFFK58CA
大湖鄉,土地,大湖段1681~1710地號,503.0,,山坡地保育區,丙種建築用地,1060322,土地2建物0車位0,,,其他,,,,0.0,0,0,0,有,無,1032000,2052,,0.0,0,,RPRNMLOLLHMFFAK58DA
公館鄉,土地,關爺埔段181~210地號,210.71,,特定農業區,甲種建築用地,1060307,土地1建物0車位0,,,其他,,,,0.0,0,0,0,有,無,2000000,9492,,0.0,0,,RPQNMLSLLHMFFBK98DA
竹南鎮,房地(土地+建物),苗栗縣竹南鎮公?里1鄰公?仔1~30號,114.57,,鄉村區,乙種建築用地,1060116,土地1建物1車位0,全,四層,透天厝,住家用,加強磚造,0720107,249.94,3,2,2,有,無,3580000,14323,,0.0,0,,RPUNMLNLLHMFFDK09DA
竹南鎮,土地,文化段661~690地號,45.47,住,,,1060210,土地1建物0車位0,,,其他,,,,0.0,0,0,0,有,無,3000000,65978,,0.0,0,親友、員工或其他特殊關係間之交易。,RPXNMLOLLHMFFDK86DA
通霄鎮,房地(土地+建物),苗栗縣通霄鎮梅南里3鄰新生路241~270號,98.92,,山坡地保育區,丙種建築用地,1060220,土地1建物1車位0,全,二層,透天厝,住家用,加強磚造,0700803,125.12,3,1,2,有,無,1060000,8472,,0.0,0,,RPPNMLOLLHMFFCK58DA
造橋鄉,房地(土地+建物),苗栗縣造橋鄉大西村長壽街7鄰1~30號,85.77,,鄉村區,乙種建築用地,1060316,土地1建物1車位0,全,二層,透天厝,住家用,鋼筋混凝土造,0690815,127.68,3,2,2,有,無,1700000,13315,,0.0,0,,RPTNMLTLLHMFFDK96DA
造橋鄉,土地,平安段1051~1080地號,274.23,住,,,1051227,土地1建物0車位0,,,其他,,,,0.0,0,0,0,有,無,1672803,6100,,0.0,0,親友關係間之交易。,RPRNMLOKMHMFFDK88DA
通霄鎮,土地,福興段601~630地號,33.5,,山坡地保育區,交通用地,1060208,土地1建物0車位0,,,其他,,,,0.0,0,0,0,有,無,21680,647,,0.0,0,逾期未辦繼承標售案件。向政府機關承購之案件。,RPQNMLSKMHMFFCK56EA
公館鄉,房地(土地+建物),苗栗縣公館鄉玉泉村7鄰玉泉151~180號,108.59,住,,,1051229,土地1建物1車位0,全,二層,透天厝,住商用,鋼筋混凝土造,0880606,155.48,2,2,3,有,無,2500000,16079,,0.0,0,親友、員工或其他特殊關係間之交易。,RPQOMLNKMHMFFBK58DA
南庄鄉,土地,北獅里興段獅頭驛小段661~690地號,13952.0,,山坡地保育區,農牧用地,1051231,土地7建物0車位0,,,其他,,,,0.0,0,0,0,有,無,1200000,86,,0.0,0,親友、員工或其他特殊關係間之交易。,RPUNMLMKMHMFFFK09CA
公館鄉,土地,鶴子岡段691~720地號,410.0,農,,,1060303,土地2建物0車位0,,,其他,,,,0.0,0,0,0,有,無,1681000,4100,,0.0,0,,RPTNMLRLLHMFFBK56DA
頭份鎮,房地(土地+建物),苗栗縣頭份鎮後庄里17鄰信義路690巷20弄1~30號,242.76,農,,,1060117,土地4建物1車位0,全,四層,透天厝,住家用,見其他登記事項,0950407,227.37,5,2,5,有,無,9350000,41122,,0.0,0,,RPVNMLRLLHMFFFK07CA
頭份鎮,房地(土地+建物)+車位,苗栗縣頭份鎮蟠桃里7鄰信三街1巷1~30號,53.17,住,,,1060228,土地1建物1車位1,一層,五層,華廈(10層含以下有電梯),住家用,見其他登記事項,1020506,72.86,2,1,1,有,有,4280000,58743,一樓平面,0.0,0,,RPUOMLOLLHMFFFK76CA
頭份鎮,房地(土地+建物)+車位,苗栗縣頭份鎮蟠桃里5鄰中央路331~360號,42.58,住,,,1060125,土地1建物1車位2,七層,十四層,住宅大樓(11層含以上有電梯),見其他登記事項,鋼筋混凝土造,1051111,261.34000000000003,4,2,2,有,無,13260000,50739,坡道平面,60.24,0,,RPWOMLOLLHMFFFK96CA
南庄鄉,土地,田尾段691~720地號,429.0,,山坡地保育區,林業用地,1060114,土地2建物0車位0,,,其他,,,,0.0,0,0,0,有,無,500000,1166,,0.0,0,,RPVNMLKMLHMFFFK09CA
苗栗市,房地(土地+建物)+車位,苗栗縣苗栗市維祥里16鄰四維街283巷1~30號,27.5,,特定農業區,甲種建築用地,1050318,土地1建物1車位1,三層,五層,華廈(10層含以下有電梯),住家用,鋼筋混凝土造,1060120,94.78999999999999,2,2,1,有,無,3700000,39034,升降機械,0.0,0,,RPXOMLKMLHMFFBK98CA
苗栗市,房地(土地+建物)+車位,苗栗縣苗栗市維祥里16鄰四維街283巷1~30號,55.0,,特定農業區,甲種建築用地,1050218,土地1建物2車位2,二層,五層,華廈(10層含以下有電梯),住家用,鋼筋混凝土造,1060120,191.10999999999999,2,2,1,有,無,7240000,37884,升降機械,0.0,0,,RPOPMLKMLHMFFBK18CA
苗栗市,房地(土地+建物)+車位,苗栗縣苗栗市維祥里16鄰四維街283巷1~30號,27.5,,特定農業區,甲種建築用地,1041218,土地1建物1車位0,三層,五層,華廈(10層含以下有電梯),住家用,鋼筋混凝土造,1060120,96.32,2,2,1,有,無,3480000,36130,升降機械,0.0,0,,RPPPMLKMLHMFFBK28CA
苗栗市,房地(土地+建物)+車位,苗栗縣苗栗市維祥里16鄰四維街283巷1~30號,27.5,,特定農業區,甲種建築用地,1041117,土地1建物1車位1,四層,五層,華廈(10層含以下有電梯),住家用,鋼筋混凝土造,1060120,94.78999999999999,2,2,1,有,無,3480000,36713,升降機械,0.0,0,,RPQPMLKMLHMFFBK38CA
苗栗市,房地(土地+建物)+車位,苗栗縣苗栗市維祥里16鄰四維街283巷1~30號,27.5,,特定農業區,甲種建築用地,1050323,土地1建物1車位1,四層,五層,華廈(10層含以下有電梯),住家用,鋼筋混凝土造,1060120,96.32,2,2,1,有,無,3620000,37583,升降機械,0.0,0,,RPRPMLKMLHMFFBK48CA
苗栗市,房地(土地+建物)+車位,苗栗縣苗栗市維祥里16鄰四維街283巷1~30號,27.5,,特定農業區,甲種建築用地,1050130,土地1建物1車位1,五層,五層,華廈(10層含以下有電梯),住家用,鋼筋混凝土造,1060120,94.78999999999999,2,2,1,有,無,3650000,38506,升降機械,0.0,0,,RPSPMLKMLHMFFBK58CA
公館鄉,土地,北河段31~60地號,4240.62,,山坡地保育區,農牧用地,1060216,土地1建物0車位0,,,其他,,,,0.0,0,0,0,有,無,2720000,641,,0.0,0,,RPRNMLQJMHMFFBK68CA
公館鄉,土地,北河段31~60地號,3900.0,,山坡地保育區,農牧用地,1060216,土地1建物0車位0,,,其他,,,,0.0,0,0,0,有,無,2500000,641,,0.0,0,,RPSNMLQJMHMFFBK78CA
苑裡鎮,土地,田中段1171~1200地號,97.0,,特定農業區,農牧用地,1060306,土地1建物0車位0,,,其他,,,,0.0,0,0,0,有,無,300000,3093,,0.0,0,,RPTNMLSLLHMFFCK66CA
通霄鎮,房地(土地+建物),苗栗縣通霄鎮梅南里12鄰梅南61~90號,502.86,,一般農業區,丙種建築用地,1060205,土地1建物1車位0,全,四層,透天厝,住家用,鋼筋混凝土造,0870515,326.11,0,0,0,無,無,9000000,27598,,0.0,0,,RPVNMLSLLHMFFCK86CA
苑裡鎮,土地,苑北段301~330地號,331.0,農,,,1060315,土地1建物0車位0,,,其他,,,,0.0,0,0,0,有,無,1456400,4400,,0.0,0,1.基地未臨接道路。2.本案含整地費用。,RPQNMLOKMHMFFCK58CA
苑裡鎮,土地,苑北段301~330地號,31.0,農,,,1060315,土地1建物0車位0,,,其他,,,,0.0,0,0,0,有,無,136400,4400,,0.0,0,1.基地未臨接道路。2.本案包含整地費用。,RPRNMLOKMHMFFCK68CA
苑裡鎮,土地,舊社段571~600地號,1050.0,,特定農業區,農牧用地,1051212,土地1建物0車位0,,,其他,,,,0.0,0,0,0,有,無,4000000,3810,,0.0,0,親友、員工或其他特殊關係間之交易。含增建或未登記建物。,RPPNMLQJMHMFFCK58CA
苑裡鎮,土地,苑北段901~930地號,112.35,住,,,1060305,土地1建物0車位0,,,其他,,,,0.0,0,0,0,有,無,2208700,19659,,0.0,0,,RPQNMLRLLHMFFCK88CA
苑裡鎮,土地,順天段1~30地號,268.65,住,,,1060313,土地1建物0車位0,,,其他,,,,0.0,0,0,0,有,無,4800000,17867,,0.0,0,,RPSNMLRLLHMFFCK09CA
苑裡鎮,土地,大埔北段151~180地號,2621.09,,山坡地保育區,農牧用地,1051211,土地1建物0車位0,,,其他,,,,0.0,0,0,0,有,無,2300000,877,,0.0,0,,RPTNMLRLLHMFFCK56CA
苑裡鎮,土地,大埔北段151~180地號,2591.9,,山坡地保育區,農牧用地,1051121,土地1建物0車位0,,,其他,,,,0.0,0,0,0,有,無,3600000,1389,,0.0,0,,RPUNMLRLLHMFFCK66CA
苑裡鎮,土地,苑北段301~330地號,136.0,農,,,1060313,土地1建物0車位0,,,其他,,,,0.0,0,0,0,有,無,492000,3618,,0.0,0,1.基地未臨路。,RPPNMLSLLHMFFCK88CA
竹南鎮,房地(土地+建物),苗栗縣竹南鎮大埔里1鄰科專二路271~300號,137.98,住,,,1060212,土地3建物1車位0,一層，二層，三層，四層，五層，見其他登記事項,五層,店面(店鋪),見其他登記事項,鋼筋混凝土造,1050422,403.3,12,1,13,有,無,21000000,52070,,0.0,0,,RPSNMLRLLHMFFDK56CA
竹南鎮,房地(土地+建物)+車位,苗栗縣竹南鎮照南里27鄰自強街31~60號,54.76,住,,,1060305,土地1建物1車位2,十一層,十四層,住宅大樓(11層含以上有電梯),見其他登記事項,鋼筋混凝土造,1050325,322.88,4,2,3,有,有,19500000,67705,坡道平面,67.36,2200000,,RPPNMLTLLHMFFDK09CA
竹南鎮,房地(土地+建物),苗栗縣竹南鎮海口里9鄰仁德路331~360號,51.56,住,,,1051104,土地1建物1車位0,三層,五層,華廈(10層含以下有電梯),住家用,鋼筋混凝土造,1051219,152.42000000000002,3,2,3,有,無,5700000,37397,,0.0,0,買賣價款含共有約定專用,RPQNMLOKMHMFFDK68CA
竹南鎮,房地(土地+建物),苗栗縣竹南鎮海口里9鄰仁德路331~360號,51.56,住,,,1051223,土地1建物1車位0,四層,五層,華廈(10層含以下有電梯),住家用,鋼筋混凝土造,1051219,152.42000000000002,3,2,3,有,無,5600000,36741,,0.0,0,買賣價款含共有約定專用,RPTNMLOKMHMFFDK98CA
竹南鎮,房地(土地+建物),苗栗縣竹南鎮海口里9鄰仁德路331~360號,51.56,住,,,1051104,土地1建物1車位0,二層,五層,華廈(10層含以下有電梯),住家用,鋼筋混凝土造,1051219,152.42000000000002,3,2,4,有,無,5750000,37725,,0.0,0,買賣價款含共有約定專用,RPXNMLNKMHMFFDK66CA
西湖鄉,土地,四湖段61~90地號,725.0,,特定農業區,農牧用地,1060307,土地2建物0車位0,,,其他,,,,0.0,0,0,0,有,無,650000,897,,0.0,0,親友、員工或其他特殊關係間之交易。,RPPNMLSLLHMFFEK09CA
竹南鎮,房地(土地+建物)+車位,苗栗縣竹南鎮大埔里2鄰科專七路181~210號,25.75,住,,,1060301,土地1建物1車位1,七層,十二層,住宅大樓(11層含以上有電梯),住家用,見其他登記事項,1050414,98.74000000000001,2,2,1,有,無,5570000,55807,坡道平面,16.85,1000000,新成屋尚未成立管委會。,RPSNMLLLMHMFFDK68CA
竹南鎮,房地(土地+建物)+車位,苗栗縣竹南鎮大埔里2鄰科專七路181~210號,26.06,住,,,1051231,土地1建物1車位1,五層,十二層,住宅大樓(11層含以上有電梯),住家用,見其他登記事項,1050414,91.86,2,2,1,有,無,5350000,58241,其他,0.0,600000,新成屋尚未成立管委會。103年8月預售屋買賣,RPWNMLLLMHMFFDK09CA
竹南鎮,房地(土地+建物)+車位,苗栗縣竹南鎮大埔里2鄰科專七路181~210號,26.06,住,,,1060301,土地1建物1車位1,五層,十二層,住宅大樓(11層含以上有電梯),住家用,見其他登記事項,1050414,99.39,2,2,1,有,無,5480000,55136,坡道平面,0.0,1000000,新成屋尚未成立管委會。103年8月預售屋買賣,RPOOMLOLMHMFFDK68CA
銅鑼鄉,土地,西崗段781~810地號,3148.74,,特定農業區,農牧用地,1060211,土地3建物0車位0,,,其他,,,,0.0,0,0,0,有,無,2380000,756,,0.0,0,,RPRNMLNKMHMFFEK78CA
西湖鄉,房地(土地+建物),苗栗縣西湖鄉8鄰埔頂1~30號,130.81,,鄉村區,乙種建築用地,1060306,土地2建物1車位0,全,二層,透天厝,住家用,鋼筋混凝土造,,137.76,5,2,2,有,無,4600000,33391,,0.0,0,,RPPNMLMLMHMFFEK58CA
竹南鎮,土地,大埔段中大埔小段451~480地號,150.0,,特定農業區,農牧用地,1051229,土地1建物0車位0,,,其他,,,,0.0,0,0,0,有,無,880650,5871,,0.0,0,協議價購,RPPOMLOLMHMFFDK78CA
竹南鎮,土地,大埔段中大埔小段451~480地號,153.0,,特定農業區,農牧用地,1051229,土地1建物0車位0,,,其他,,,,0.0,0,0,0,有,無,866745,5665,,0.0,0,協議價購,RPQOMLOLMHMFFDK88CA
竹南鎮,房地(土地+建物),苗栗縣竹南鎮海口里16鄰保福路433巷10弄1~30號,116.57,,特定農業區,甲種建築用地,1041230,土地5建物1車位0,全,四層,透天厝,住家用,鋼筋混凝土造,1051123,182.6,3,2,2,有,無,7050000,38609,,0.0,0,,RPURMLOLMHMFFDK96CA
竹南鎮,土地,大埔段中大埔小段451~480地號,56.0,,特定農業區,農牧用地,1051229,土地1建物0車位0,,,其他,,,,0.0,0,0,0,有,無,490280,8755,,0.0,0,協議價購,RPPNMLOLMHMFFDK68CA
竹南鎮,土地,大埔段中大埔小段451~480地號,56.0,,特定農業區,農牧用地,1051229,土地1建物0車位0,,,其他,,,,0.0,0,0,0,有,無,490280,8755,,0.0,0,協議價購,RPRNMLOLMHMFFDK88CA
竹南鎮,土地,大埔段中大埔小段451~480地號,56.0,,特定農業區,農牧用地,1051229,土地1建物0車位0,,,其他,,,,0.0,0,0,0,有,無,490280,8755,,0.0,0,協議價購,RPSNMLOLMHMFFDK98CA
竹南鎮,土地,大埔段中大埔小段451~480地號,56.0,,特定農業區,農牧用地,1051229,土地1建物0車位0,,,其他,,,,0.0,0,0,0,有,無,490280,8755,,0.0,0,協議價購,RPTNMLOLMHMFFDK09CA
竹南鎮,土地,大埔段中大埔小段451~480地號,56.0,,特定農業區,農牧用地,1051229,土地1建物0車位0,,,其他,,,,0.0,0,0,0,有,無,490280,8755,,0.0,0,協議價購,RPUNMLOLMHMFFDK56CA
竹南鎮,土地,大埔段中大埔小段451~480地號,81.0,,特定農業區,農牧用地,1051229,土地2建物0車位0,,,其他,,,,0.0,0,0,0,有,無,479362,5918,,0.0,0,協議價購,RPWNMLOLMHMFFDK76CA
竹南鎮,土地,大埔段中大埔小段451~480地號,11.0,,特定農業區,農牧用地,1051229,土地1建物0車位0,,,其他,,,,0.0,0,0,0,有,無,62315,5665,,0.0,0,協議價購,RPXNMLOLMHMFFDK86CA
銅鑼鄉,土地,褔興段1321~1350地號,669.34,住,,,1051228,土地2建物0車位0,,,其他,,,,0.0,0,0,0,有,無,16000000,23904,,0.0,0,,RPQNMLSLLHMFFEK56CA
銅鑼鄉,土地,竹圍段331~360地號,118.0,,一般農業區,暫未編定,1060308,土地1建物0車位0,,,其他,,,,0.0,0,0,0,有,無,124933,1059,,0.0,0,,RPRNMLSLLHMFFEK66CA
銅鑼鄉,土地,竹圍段331~360地號,60.0,,一般農業區,暫未編定,1060308,土地1建物0車位0,,,其他,,,,0.0,0,0,0,有,無,63525,1059,,0.0,0,,RPSNMLSLLHMFFEK76CA
銅鑼鄉,土地,竹圍段331~360地號,278.0,,一般農業區,暫未編定,1060308,土地1建物0車位0,,,其他,,,,0.0,0,0,0,有,無,294333,1059,,0.0,0,,RPTNMLSLLHMFFEK86CA
銅鑼鄉,土地,竹圍段331~360地號,45.0,,一般農業區,暫未編定,1060308,土地1建物0車位0,,,其他,,,,0.0,0,0,0,有,無,47644,1059,,0.0,0,,RPUNMLSLLHMFFEK96CA
銅鑼鄉,土地,竹圍段331~360地號,81.0,,一般農業區,暫未編定,1060308,土地1建物0車位0,,,其他,,,,0.0,0,0,0,有,無,85758,1059,,0.0,0,,RPVNMLSLLHMFFEK07CA
銅鑼鄉,土地,竹圍段331~360地號,210.0,,一般農業區,暫未編定,1060308,土地1建物0車位0,,,其他,,,,0.0,0,0,0,有,無,260453,1240,,0.0,0,,RPWNMLSLLHMFFEK17CA
三義鄉,土地,魚藤坪段421~450地號,2546.0,,山坡地保育區,農牧用地,1060311,土地1建物0車位0,,,其他,,,,0.0,0,0,0,有,無,6600000,2592,,0.0,0,總價包含道路用地持分。,RPPNMLTLLHMFFEK56CA
竹南鎮,房地(土地+建物),苗栗縣竹南鎮海口里9鄰仁德路331~360號,44.06,住,,,1050412,土地1建物1車位0,四層,五層,華廈(10層含以下有電梯),住家用,鋼筋混凝土造,1051219,133.73,3,2,2,有,無,5000000,37389,,0.0,0,買賣價款含共有約定專用,RPUNMLOKMHMFFDK09CA
竹南鎮,房地(土地+建物),苗栗縣竹南鎮海口里9鄰仁德路331~360號,51.56,住,,,1041224,土地1建物1車位0,五層,五層,華廈(10層含以下有電梯),住家用,鋼筋混凝土造,1051219,152.42000000000002,3,2,3,有,無,5860000,38446,,0.0,0,買賣價款含共有約定專用,RPWNMLOKMHMFFDK66CA
竹南鎮,房地(土地+建物),苗栗縣竹南鎮海口里9鄰仁德路331~360號,44.06,住,,,1041224,土地1建物1車位0,五層,五層,華廈(10層含以下有電梯),住家用,鋼筋混凝土造,1051219,133.73,3,2,2,有,無,5150000,38510,,0.0,0,買賣價款含共有約定專用,RPXNMLOKMHMFFDK76CA
苗栗市,土地,豐年段1261~1290地號,2.27,住,,,1051230,土地1建物0車位0,,,其他,,,,0.0,0,0,0,有,無,160000,70485,,0.0,0,,RPPNMLLKMHMFFBK08CA
苗栗市,房地(土地+建物),苗栗縣苗栗市維勝街63巷12弄1~30號,63.0,,鄉村區,乙種建築用地,1060223,土地2建物1車位0,全,二層,透天厝,住家用,鋼筋混凝土造,0680206,89.5,4,2,2,有,無,3850000,43017,,0.0,0,,RPSNMLLKMHMFFBK38CA
苗栗市,房地(土地+建物),苗栗縣苗栗市水源里25鄰陽明91~120號,111.0,,鄉村區,乙種建築用地,1060301,土地1建物1車位0,全,二層,透天厝,住家用,加強磚造,0700518,100.51,4,2,2,有,無,2050000,20396,,0.0,0,,RPTNMLLKMHMFFBK48CA
苗栗市,房地(土地+建物)+車位,苗栗縣苗栗市維祥里16鄰四維街283巷1~30號,27.5,,特定農業區,甲種建築用地,1050215,土地1建物1車位1,五層,五層,華廈(10層含以下有電梯),住家用,鋼筋混凝土造,1060120,96.32,2,2,1,有,無,3610000,37479,升降機械,0.0,0,,RPTPMLKMLHMFFBK68CA
苗栗市,房地(土地+建物),苗栗縣苗栗市建功里34鄰忠孝路121~150號,43.75,住,,,1060304,土地1建物1車位0,五層,六層,華廈(10層含以下有電梯),住家用,鋼筋混凝土造,0831015,153.92,3,2,1,有,有,4180000,27157,,0.0,0,增值稅132497元由買方負責繳納,RPRNMLTLLHMFFBK09CA
苗栗市,房地(土地+建物),苗栗縣苗栗市南勢里6鄰豪榮1~30號,92.17,,山坡地保育區,丙種建築用地,1060221,土地2建物1車位0,全,,透天厝,住家用,鋼筋混凝土造,0840730,133.98,4,1,3,有,無,832605,6214,,0.0,0,親友關係人之交易,RPTNMLTLLHMFFBK66CA
頭屋鄉,土地,孔聖段1231~1260地號,1413.01,,山坡地保育區,農牧用地,1060224,土地1建物0車位0,,,其他,,,,0.0,0,0,0,有,無,1000000,708,,0.0,0,,RPPNMLKMLHMFFBK08CA
苗栗市,房地(土地+建物),苗栗縣苗栗市水源里6鄰林森街1~30號,76.67,住,,,1060118,土地2建物1車位0,全,四層,透天厝,住商用,鋼筋混凝土造,0930616,199.83,6,2,4,有,無,7900000,39534,,0.0,0,,RPQNMLKMLHMFFBK18CA
苗栗市,房地(土地+建物),苗栗縣苗栗市新英里13鄰天祥61~90號,104.84,,山坡地保育區,丙種建築用地,1060313,土地1建物1車位0,全,三層,透天厝,見其他登記事項,鋼筋混凝土造,0831122,185.53,4,2,2,有,無,1850000,9971,,0.0,0,,RPRNMLSLLHMFFBK98CA
卓蘭鎮,土地,中角段181~210地號,52.84,住,,,1060302,土地1建物0車位0,,,其他,,,,0.0,0,0,0,有,無,750000,14194,,0.0,0,,RPPNMLPJMHMFFAK28CA
卓蘭鎮,土地,中角段181~210地號,52.84,住,,,1060302,土地1建物0車位0,,,其他,,,,0.0,0,0,0,有,無,750000,14194,,0.0,0,含未保存登記建物乙棟,RPQNMLPJMHMFFAK38CA
大湖鄉,土地,興榮段151~180地號,2752.0,,山坡地保育區,農牧用地,1060314,土地1建物0車位0,,,其他,,,,0.0,0,0,0,有,無,1750000,636,,0.0,0,,RPRNMLOLMHMFFAK58CA
大湖鄉,土地,興榮段151~180地號,325.0,,,,1060314,土地1建物0車位0,,,其他,,,,0.0,0,0,0,有,無,210000,646,,0.0,0,,RPSNMLOLMHMFFAK68CA
大湖鄉,土地,興榮段151~180地號,367.0,,,,1060314,土地1建物0車位0,,,其他,,,,0.0,0,0,0,有,無,230000,627,,0.0,0,,RPTNMLOLMHMFFAK78CA
大湖鄉,土地,大湖段1651~1680地號,6541.0,,山坡地保育區,農牧用地,1060305,土地1建物0車位0,,,其他,,,,0.0,0,0,0,有,無,2500000,382,,0.0,0,,RPRNMLSLLHMFFAK88CA
三灣鄉,土地,內灣段541~570地號,459.0,,山坡地保育區,農牧用地,1060208,土地1建物0車位0,,,其他,,,,0.0,0,0,0,有,無,1380000,3007,,0.0,0,,RPTNMLKMLHMFFFK88CA
頭份鎮,房地(土地+建物),苗栗縣頭份鎮興隆里20鄰花園東路56巷2弄1~30號,106.98,,山坡地保育區,丙種建築用地,1060219,土地1建物1車位0,全,三層,透天厝,見其他登記事項,見其他登記事項,0950803,231.45,3,3,3,有,有,7400000,31972,,0.0,0,,RPPNMLLMLHMFFFK58CA
頭份鎮,土地,興埔段181~210地號,3406.17,,山坡地保育區,農牧用地,1060217,土地1建物0車位0,,,其他,,,,0.0,0,0,0,有,無,4500000,1321,,0.0,0,,RPQNMLSLLHMFFFK66CA
頭份鎮,土地,尖山下段991~1020地號,2775.0,,山坡地保育區,農牧用地,1060304,土地1建物0車位0,,,其他,,,,0.0,0,0,0,有,無,5000000,1802,,0.0,0,總價包含道路用地持分。,RPQNMLTLLHMFFFK76CA
苗栗市,土地,文發段151~180地號,528.38,住,,,1060223,土地2建物0車位0,,,其他,,,,0.0,0,0,0,有,無,21129916,39990,,0.0,0,向政府機關承購之案件。,RPPNMLQJMHMFFBK58DA
公館鄉,土地,公館段631~660地號,5141.0,,山坡地保育區,林業用地,1060202,土地1建物0車位0,,,其他,,,,0.0,0,0,0,有,無,1500000,292,,0.0,0,,RPPNMLTLLHMFFBK98DA
苗栗市,房地(土地+建物),苗栗縣苗栗市恭敬路31~60號,79.0,住,,,1060303,土地1建物1車位0,全,,透天厝,住家用,鋼筋混凝土造,0780510,236.15,3,1,3,有,無,6200000,26254,,0.0,0,,RPTOMLLMLHMFFBK78DA
頭份鎮,土地,田寮段三小段601~630地號,91.0,工,,,1060310,土地1建物0車位0,,,其他,,,,0.0,0,0,0,有,無,3587328,39421,,0.0,0,,RPPNMLQJMHMFFFK88CA
三義鄉,房地(土地+建物),苗1~30號,56.44,,特定農業區,甲種建築用地,1060309,土地1建物1車位0,全,三層,透天厝,住家用,鋼筋混凝土造,0841227,90.68,4,1,2,有,無,2500000,27569,,0.0,0,親友、員工或其他特殊關係間之交易。,RPPNMLRLMHMFFEK56DA
南庄鄉,土地,田尾段871~900地號,1466.0,,山坡地保育區,林業用地,1060215,土地4建物0車位0,,,其他,,,,0.0,0,0,0,有,無,1000000,682,,0.0,0,,RPPNMLSLLHMFFFK56CA
泰安鄉,土地,橫龍山段511~540地號,16796.0,,山坡地保育區,農牧用地,1060118,土地9建物0車位0,,,其他,,,,0.0,0,0,0,有,無,37000000,2203,,0.0,0,,RPPNMLLLMHMFFAK08CA
泰安鄉,土地,橫龍山段541~570地號,28290.0,,山坡地保育區,農牧用地,1060118,土地7建物0車位0,,,其他,,,,0.0,0,0,0,有,無,63000000,2227,,0.0,0,,RPQNMLLLMHMFFAK18CA
苗栗市,房地(土地+建物),苗栗縣苗栗市勝利里37鄰國福路1~30號,75.0,住,,,1060314,土地1建物1車位0,全,,透天厝,住家用,鋼筋混凝土造,0790731,180.69,7,3,5,有,無,4500000,24905,,0.0,0,,RPQNMLTLLHMFFBK98CA
苗栗市,房地(土地+建物),苗栗縣苗栗市南勢里6鄰豪榮1~30號,96.51,,山坡地保育區,丙種建築用地,1060221,土地2建物1車位0,全,,透天厝,住商用,鋼筋混凝土造,0840730,165.02,4,1,3,有,無,916815,5556,,0.0,0,親友關係人之交易,RPSNMLTLLHMFFBK56CA
苗栗市,房地(土地+建物),苗栗縣苗栗市福星里8鄰建興31~60號,87.17,住,,,1060317,土地1建物1車位0,全,,透天厝,住家用,加強磚造,0680103,105.48,3,2,2,有,無,5800000,54987,,0.0,0,,RPSNMLKMLHMFFBK38CA
苗栗市,土地,文發段541~570地號,150.08,商,,,1060122,土地1建物0車位0,,,其他,,,,0.0,0,0,0,有,無,8489350,56565,,0.0,0,,RPVNMLLKMHMFFBK68CA
苗栗市,土地,文峰段571~600地號,109.26,住,,,1060122,土地1建物0車位0,,,其他,,,,0.0,0,0,0,有,無,7900000,72305,,0.0,0,,RPQNMLMKMHMFFBK28CA
苗栗市,房地(土地+建物),苗栗縣苗栗市福安里20鄰中華東街451~480號,26.18,住,,,1060302,土地1建物1車位0,三層,五層,公寓(5樓含以下無電梯),住家用,鋼筋混凝土造,0730715,75.33,2,1,1,有,無,1450000,19249,,0.0,0,,RPPNMLSLMHMFFBK88CA
苗栗市,土地,勝利段1081~1110地號,202.0,住,,,1060301,土地1建物0車位0,,,其他,,,,0.0,0,0,0,有,無,4949100,24500,,0.0,0,,RPUNMLMLMHMFFBK78CA
苗栗市,房地(土地+建物),苗栗縣苗栗市青苗里19鄰中正路691~720號,4.34,其他,,,1060320,土地2建物1車位0,六層,十二層,套房(1房1廳1衛),住家用,鋼筋混凝土造,0881210,40.29,1,0,1,有,有,1200000,29784,,0.0,0,,RPXNMLKMLHMFFBK88CA
公館鄉,土地,尖山段991~1020地號,972.6,,山坡地保育區,林業用地,1060314,土地1建物0車位0,,,其他,,,,0.0,0,0,0,有,無,100000,103,,0.0,0,親友、員工或其他特殊關係間之交易。,RPUOMLKMLHMFFBK68CA
苑裡鎮,土地,苑港段1141~1170地號,45.93,,特定農業區,農牧用地,1060320,土地1建物0車位0,,,其他,,,,0.0,0,0,0,有,無,138900,3024,,0.0,0,,RPQNMLTLLHMFFCK09CA
苑裡鎮,房地(土地+建物),苗栗縣苑裡鎮泰田里7鄰泰田91~120號,112.0,,特定農業區,甲種建築用地,1050711,土地5建物1車位0,全,三層,透天厝,住家用,鋼筋混凝土造,1051226,170.52,5,2,4,有,無,6800000,39878,,0.0,0,,RPSNMLKMLHMFFCK48CA
苑裡鎮,房地(土地+建物),苗栗縣苑裡鎮泰田里7鄰泰田91~120號,118.0,,特定農業區,甲種建築用地,1051116,土地4建物1車位0,全,三層,透天厝,住家用,鋼筋混凝土造,1051226,171.24,5,2,4,有,無,7100000,41462,,0.0,0,,RPUNMLKMLHMFFCK68CA
通霄鎮,土地,北勢窩段1201~1230地號,1145.0,,山坡地保育區,農牧用地,1060317,土地1建物0車位0,,,其他,,,,0.0,0,0,0,有,無,458000,400,,0.0,0,,RPPNMLPJMHMFFCK48CA
竹南鎮,房地(土地+建物),苗栗縣竹南鎮大埔里22鄰五福街65巷3弄1~30號,56.4,,山坡地保育區,丙種建築用地,1060307,土地1建物1車位0,全,四層,透天厝,住家用,鋼筋混凝土造,0830607,189.46,5,2,3,有,無,4300000,22696,,0.0,0,,RPUNMLTLLHMFFDK96CA
苑裡鎮,土地,致民段811~840地號,239.94,,鄉村區,乙種建築用地,1060303,土地1建物0車位0,,,其他,,,,0.0,0,0,0,有,無,1007748,4200,,0.0,0,親友、員工或其他特殊關係間之交易。,RPPNMLRKMHMFFCK78CA
竹南鎮,房地(土地+建物),苗栗縣竹南鎮海口里3鄰育才路62巷1~30號,37.56,住,,,1060106,土地3建物1車位0,二層,五層,華廈(10層含以下有電梯),見其他登記事項,鋼筋混凝土造,1050401,116.63,2,2,2,有,無,4200000,36011,,0.0,0,建物買賣價格含一樓共有約定專用一個位置。,RPVRMLOLMHMFFDK07CA
竹南鎮,房地(土地+建物),苗栗縣竹南鎮海口里3鄰育才路62巷1~30號,37.56,住,,,1060126,土地3建物1車位0,四層,五層,華廈(10層含以下有電梯),見其他登記事項,鋼筋混凝土造,1050401,116.63,2,2,2,有,無,4200000,36011,,0.0,0,建物買賣價格含一樓共有約定專用一個位置。,RPWRMLOLMHMFFDK17CA
竹南鎮,房地(土地+建物),苗栗縣竹南鎮海口里3鄰育才路62巷1~30號,32.44,住,,,1060222,土地3建物1車位0,四層,五層,華廈(10層含以下有電梯),見其他登記事項,鋼筋混凝土造,1050401,102.15,2,2,2,有,無,3600000,35242,,0.0,0,,RPXRMLOLMHMFFDK27CA
竹南鎮,房地(土地+建物),苗栗縣竹南鎮海口里3鄰育才路62巷1~30號,37.56,住,,,1060103,土地3建物1車位0,三層,五層,華廈(10層含以下有電梯),見其他登記事項,鋼筋混凝土造,1050401,116.63,2,2,2,有,無,4200000,36011,,0.0,0,建物買賣價格含一樓共有約定專用一個位置。,RPTRMLPLMHMFFDK96CA
竹南鎮,房地(土地+建物)+車位,苗栗縣竹南鎮大埔里2鄰科專三路31~60號,47.4,住,,,1051231,土地1建物1車位1,五層,十層,華廈(10層含以下有電梯),住家用,鋼筋混凝土造,1050422,170.07,4,2,2,有,無,7158000,42874,坡道平面,26.44,1000000,新成屋尚未成立管委會。,RPROMLOLMHMFFDK98CA
三義鄉,土地,雙草湖段301~330地號,1788.0,,山坡地保育區,農牧用地,1060302,土地1建物0車位0,,,其他,,,,0.0,0,0,0,有,無,1180000,660,,0.0,0,,RPQNMLKMLHMFFEK48CA
三義鄉,土地,五穀段121~150地號,38.35,住,,,1060316,土地1建物0車位0,,,其他,,,,0.0,0,0,0,有,無,1610700,42000,,0.0,0,買方建築物占用之土地,RPPNMLPJMHMFFEK68CA
銅鑼鄉,土地,東崗段691~720地號,2511.5,,特定農業區,農牧用地,1060124,土地4建物0車位0,,,其他,,,,0.0,0,0,0,有,無,5500000,2190,,0.0,0,,RPSNMLLKMHMFFEK68CA
銅鑼鄉,土地,東崗段1~30地號,471.28,,特定農業區,甲種建築用地,1060206,土地1建物0車位0,,,其他,,,,0.0,0,0,0,有,無,4000000,8488,,0.0,0,含增建或未登記建物。,RPPNMLMKMHMFFEK48CA
西湖鄉,房地(土地+建物),苗栗縣西湖鄉湖東村9鄰1~30號,105.72,,鄉村區,乙種建築用地,1030215,土地1建物1車位0,全,二層,透天厝,住家用,加強磚造,,164.88,3,2,3,有,無,3400000,20621,,0.0,0,,RPPNMLNKMHMFFEK58CA
苑裡鎮,土地,芎蕉坑段181~210地號,2729.3,,山坡地保育區,農牧用地,1050907,土地5建物0車位0,,,其他,,,,0.0,0,0,0,有,無,5160313,1891,,0.0,0,,RPQNMLTKMHMFFCK09CA
竹南鎮,土地,竹南段一小段1261~1290地號,75.0,住,,,1060310,土地1建物0車位0,,,其他,,,,0.0,0,0,0,有,無,1080000,14400,,0.0,0,1.有合併使用之交易。2.不臨路,RPVNMLTLLHMFFDK07CA
竹南鎮,房地(土地+建物),苗栗縣竹南鎮公館里7鄰大埔頂1~30號,372.0,,特定農業區,甲種建築用地,1060312,土地0建物1車位0,全,三層,透天厝,住家用,加強磚造,0711206,251.34,6,3,4,有,無,500000,1989,,0.0,0,親友、員工或其他特殊關係間之交易。二親等間買賣,RPWNMLTLLHMFFDK17CA
竹南鎮,房地(土地+建物)+車位,苗栗縣竹南鎮開元里3鄰平等街一段61~90號,12.61,商,,,1060308,土地1建物1車位1,五層,十五層,住宅大樓(11層含以上有電梯),見其他登記事項,鋼筋混凝土造,1030929,120.97,3,2,1,有,有,4700000,38853,坡道平面,0.0,0,,RPPNMLKMLHMFFDK28CA
竹南鎮,房地(土地+建物)+車位,苗栗縣竹南鎮天文里15鄰龍昇街107巷1~30號,33.55,住,,,1060307,土地1建物1車位1,二層,五層,華廈(10層含以下有電梯),見其他登記事項,鋼筋混凝土造,1040710,106.75,2,2,1,有,有,5380000,50398,一樓平面,8.01,0,,RPSNMLKMLHMFFDK58CA
竹南鎮,房地(土地+建物),苗栗縣竹南鎮新南里12鄰維新路241~270號,103.41,住,,,1060119,土地2建物1車位0,全,四層,透天厝,見其他登記事項,鋼筋混凝土造,0950719,226.07,5,3,3,有,無,13000000,57504,,0.0,0,,RPVNMLTKMHMFFDK07CA
後龍鎮,土地,崎頂段1~30地號,1100.0,,一般農業區,農牧用地,1060215,土地1建物0車位0,,,其他,,,,0.0,0,0,0,有,無,1700000,1545,,0.0,0,親友、員工或其他特殊關係間之交易。,RPOOMLKKMHMFFDK18CA
苑裡鎮,土地,大埔北段331~360地號,2592.25,,山坡地保育區,農牧用地,1060310,土地1建物0車位0,,,其他,,,,0.0,0,0,0,有,無,4500000,1736,,0.0,0,本案為所有權返還之登記案,RPPNMLKMLHMFFCK18CA
公館鄉,土地,館興段571~600地號,117.64,住,,,1060313,土地2建物0車位0,,,其他,,,,0.0,0,0,0,有,無,1880000,15981,,0.0,0,,RPPNMLPJMHMFFBK38CA
苗栗市,房地(土地+建物),苗栗縣苗栗市福麗里11鄰至公路391~420號,36.0,住,,,1060221,土地1建物1車位0,二層,,其他,住家用,鋼筋混凝土造,0820725,116.12,4,1,2,有,無,2500000,21529,,0.0,0,,RPUNMLPJMHMFFBK88CA
苗栗市,房地(土地+建物),苗栗縣苗栗市福麗里21鄰和平路151~180號,26.0,住,,,1060303,土地1建物1車位0,六層,七層,華廈(10層含以下有電梯),住家用,鋼筋混凝土造,1030829,153.17000000000002,3,2,2,有,無,5300000,34602,,0.0,0,親友、員工或其他特殊關係間之交易。,RPXNMLPJMHMFFBK56CA
苗栗市,房地(土地+建物),苗栗縣苗栗市玉華里26鄰玉清街272巷1~30號,77.0,,特定農業區,甲種建築用地,1060312,土地1建物1車位0,全,二層,透天厝,住家用,加強磚造,,46.09,4,1,3,有,無,4750000,103059,,0.0,0,1.地政士僅受託買賣案件申請登記，成交案件實際資訊係由權利人提供，供地政士申報登錄。2.為尊重權利人隱私主張，地政士同意不到房屋現場勘查，由權利人提供建物現況格局實際資訊，供地政士申報登錄。,RPWNMLKMLHMFFBK78CA
公館鄉,土地,北河段61~90地號,5507.0,,山坡地保育區,農牧用地,1060321,土地2建物0車位0,,,其他,,,,0.0,0,0,0,有,無,2800000,508,,0.0,0,,RPVNMLLMLHMFFBK78CA
獅潭鄉,土地,銑櫃段1021~1050地號,1956.0,,山坡地保育區,農牧用地,1060219,土地2建物0車位0,,,其他,,,,0.0,0,0,0,有,無,1550000,792,,0.0,0,,RPPNMLNLMHMFFAK28CA
頭份鎮,房地(土地+建物),苗栗縣頭份鎮建國里4鄰永安街241~270號,119.0,住,,,1060207,土地1建物1車位0,全,二層,透天厝,住家用,加強磚造,0750523,184.93,4,2,3,有,無,100000,541,,0.0,0,親友、員工或其他特殊關係間之交易。二等親買賣,RPRNMLKMLHMFFFK68CA
三灣鄉,土地,內灣段61~90地號,553.0,,特定農業區,農牧用地,1051125,土地1建物0車位0,,,其他,,,,0.0,0,0,0,有,無,1200000,2170,,0.0,0,,RPSNMLKMLHMFFFK78CA
頭份鎮,房地(土地+建物)+車位,苗栗縣頭份鎮後庄里21鄰公北二路91~120號,14.11,商,,,1060121,土地1建物1車位1,四層,十四層,住宅大樓(11層含以上有電梯),見其他登記事項,鋼筋混凝土造,1050613,148.53,3,2,2,有,有,7500000,50495,坡道機械,0.0,0,,RPUNMLKMLHMFFFK98CA
頭份鎮,房地(土地+建物)+車位,苗栗縣頭份鎮興隆里5鄰花園東路151~180號,41.22,,山坡地保育區,丙種建築用地,1051002,土地1建物1車位1,四層,七層,華廈(10層含以下有電梯),見其他登記事項,鋼筋混凝土造,1051222,118.6,2,2,1,有,有,3470000,29258,坡道平面,0.0,0,,RPWNMLLMLHMFFFK66CA
頭份鎮,房地(土地+建物)+車位,苗栗縣頭份鎮興隆里5鄰花園東路121~150號,43.09,,山坡地保育區,丙種建築用地,1031105,土地1建物1車位1,三層,七層,華廈(10層含以下有電梯),見其他登記事項,鋼筋混凝土造,1051222,125.21000000000001,2,2,1,有,有,3650000,29151,坡道平面,0.0,0,,RPXNMLLMLHMFFFK76CA
頭份鎮,房地(土地+建物)+車位,苗栗縣頭份鎮興隆里5鄰花園東路151~180號,56.21,,山坡地保育區,丙種建築用地,1040721,土地1建物1車位1,五層,七層,華廈(10層含以下有電梯),見其他登記事項,鋼筋混凝土造,1051222,158.31,3,2,2,有,有,4990000,31520,坡道平面,0.0,0,,RPOOMLLMLHMFFFK58CA
頭份鎮,房地(土地+建物)+車位,苗栗縣頭份鎮興隆里5鄰花園東路151~180號,56.21,,山坡地保育區,丙種建築用地,1040729,土地1建物1車位1,四層,七層,華廈(10層含以下有電梯),見其他登記事項,鋼筋混凝土造,1051222,159.37,3,2,2,有,有,4960000,31123,坡道平面,0.0,0,,RPPOMLLMLHMFFFK68CA
苗栗市,土地,北苗段301~330地號,95.07,住,,,1060216,土地1建物0車位0,,,其他,,,,0.0,0,0,0,有,無,5180000,54486,,0.0,0,親友、員工或其他特殊關係間之交易。,RPXNMLQLMHMFFBK96DA
銅鑼鄉,土地,芎蕉灣段121~150地號,279.0,,山坡地保育區,丙種建築用地,1060305,土地2建物0車位0,,,其他,,,,0.0,0,0,0,有,無,688000,2466,,0.0,0,親友、員工或其他特殊關係間之交易。,RPPNMLQJMHMFFEK88DA
頭份鎮,房地(土地+建物)+車位,苗栗縣頭份鎮成功里8鄰山下街113巷1~30號,49.85,住,,,1060309,土地1建物1車位1,三層,五層,華廈(10層含以下有電梯),見其他登記事項,鋼筋混凝土造,1041020,166.56,3,2,2,有,有,8000000,48031,坡道平面,0.0,0,,RPUNMLQJMHMFFFK76CA
頭份鎮,房地(土地+建物),苗栗縣頭份鎮興隆里5鄰花園東路91~120號,54.34,,山坡地保育區,丙種建築用地,1041021,土地1建物1車位0,六層,七層,華廈(10層含以下有電梯),見其他登記事項,鋼筋混凝土造,1051222,131.37,3,2,2,有,有,4150000,31590,,0.0,0,,RPRNMLLMLHMFFFK78CA
頭份鎮,房地(土地+建物)+車位,苗栗縣頭份鎮蟠桃里3鄰自立街31巷61~90號,18.63,住,,,1060225,土地3建物1車位1,二層,六層,華廈(10層含以下有電梯),見其他登記事項,見其他登記事項,1000728,76.22,2,2,1,有,有,4380000,57465,坡道機械,0.0,0,,RPSNMLLMLHMFFFK88CA
頭份鎮,房地(土地+建物)+車位,苗栗縣頭份鎮興隆里5鄰花園東路121~150號,41.22,,山坡地保育區,丙種建築用地,1030814,土地1建物1車位1,三層,七層,華廈(10層含以下有電梯),見其他登記事項,鋼筋混凝土造,1051222,120.32,2,1,1,有,有,3430000,28507,坡道平面,0.0,0,,RPTNMLLMLHMFFFK98CA
頭份鎮,房地(土地+建物),苗栗縣頭份鎮民權里3鄰中華路751~780號,116.04,住,,,1060302,土地2建物1車位0,全,四層,透天厝,住商用,鋼筋混凝土造,0790622,429.52,9,2,4,有,無,12200000,28404,,0.0,0,,RPROMLQJMHMFFFK56CA
公館鄉,房地(土地+建物),苗栗縣公館鄉北河村2鄰北河1~30號,1552.5,,山坡地保育區,農牧用地,1060307,土地2建物1車位0,一層,一層,農舍,農舍,見其他登記事項,1021119,140.7,5,2,3,有,無,9100000,,,0.0,0,含增建或未登記建物。,RPOOMLKMLHMFFBK18DA
卓蘭鎮,土地,卓蘭段2011~2040地號,2000.0,,山坡地保育區,林業用地,1060301,土地2建物0車位0,,,其他,,,,0.0,0,0,0,有,無,400000,200,,0.0,0,本土地為雜木林，作為農保使用。,RPPNMLKMLHMFFAK08DA
頭份鎮,房地(土地+建物),苗栗縣頭份鎮濫坑里16鄰金印山莊31~60號,101.36,,山坡地保育區,丙種建築用地,1060208,土地1建物1車位0,全,四層,透天厝,住家用,鋼筋混凝土造,0830531,174.93,5,2,4,有,無,3500000,20008,,0.0,0,,RPVNMLSLMHMFFFK27CA
頭份鎮,房地(土地+建物)+車位,苗栗縣頭份鎮蟠桃里10鄰中央路407巷1~30號,31.09,住,,,1060308,土地3建物1車位1,五層,十一層,住宅大樓(11層含以上有電梯),見其他登記事項,鋼筋混凝土造,1030704,170.82999999999998,3,2,2,有,有,7480000,43786,坡道平面,0.0,0,,RPUNMLNJNHMFFFK56CA
頭份鎮,土地,仁愛段691~720地號,1678.05,工,,,1051216,土地1建物0車位0,,,其他,,,,0.0,0,0,0,有,無,76141500,45375,,0.0,0,,RPPOMLQJMHMFFFK98CA
頭份鎮,土地,仁愛段691~720地號,1411.85,工,,,1051216,土地4建物0車位0,,,其他,,,,0.0,0,0,0,有,無,76875233,54450,,0.0,0,,RPQOMLQJMHMFFFK09CA
竹南鎮,土地,竹南段三小段811~840地號,10.0,住,,,1030302,土地2建物0車位0,,,其他,,,,0.0,0,0,0,有,無,718400,71840,,0.0,0,向政府機關承購之案件。,RPUNMLTKMHMFFDK07DA
頭份鎮,房地(土地+建物),苗栗縣頭份鎮上興里13鄰水源路421~450號,77.15,,山坡地保育區,丙種建築用地,1060315,土地1建物1車位0,全,三層,透天厝,住家用,鋼筋混凝土造,1050218,125.2,4,2,3,有,無,6450000,51518,,0.0,0,,RPPNMLPJMHMFFFK78CA
頭份鎮,房地(土地+建物),苗栗縣頭份鎮蟠桃里10鄰中央路523巷1~30號,75.53,住,,,1060304,土地2建物1車位0,全,三層,透天厝,見其他登記事項,見其他登記事項,0961002,190.07,4,2,3,有,無,9300000,48929,,0.0,0,,RPQNMLLMLHMFFFK68CA
泰安鄉,土地,橫龍山段331~360地號,270.0,,山坡地保育區,農牧用地,1060308,土地2建物0車位0,,,其他,,,,0.0,0,0,0,有,無,187500,694,,0.0,0,,RPPNMLPKMHMFFAK38CA
大湖鄉,土地,興榮段241~270地號,683.0,其他,,,1060313,土地1建物0車位0,,,其他,,,,0.0,0,0,0,有,無,309000,452,,0.0,0,,RPUNMLOLMHMFFAK88CA
苗栗市,房地(土地+建物),苗1~30號,150.0,,山坡地保育區,丙種建築用地,1060107,土地1建物1車位0,全,三層,透天厝,住家用,鋼筋混凝土造,1051124,158.5,3,2,3,有,無,8300000,52366,,0.0,0,,RPUNMLLLMHMFFBK68CA
苗栗市,房地(土地+建物),苗1~30號,103.0,,山坡地保育區,丙種建築用地,1051002,土地1建物1車位0,全,三層,透天厝,住家用,鋼筋混凝土造,1051124,125.8,3,2,3,有,無,6380000,50715,,0.0,0,,RPVNMLLLMHMFFBK78CA
苗栗市,房地(土地+建物),苗1~30號,103.0,,山坡地保育區,丙種建築用地,1051030,土地1建物1車位0,全,三層,透天厝,住家用,鋼筋混凝土造,1051124,125.8,3,2,3,有,無,6900000,54849,,0.0,0,,RPWNMLLLMHMFFBK88CA
苗栗市,房地(土地+建物),苗1~30號,105.0,,山坡地保育區,丙種建築用地,1051119,土地1建物1車位0,全,三層,透天厝,住家用,鋼筋混凝土造,1051124,127.96,3,2,3,有,無,6900000,53923,,0.0,0,,RPXNMLLLMHMFFBK98CA
苗栗市,房地(土地+建物),苗1~30號,159.0,,山坡地保育區,丙種建築用地,1051029,土地1建物1車位0,全,三層,透天厝,住家用,鋼筋混凝土造,1051124,163.8,3,2,3,有,無,8100000,49451,,0.0,0,,RPOOMLLLMHMFFBK18CA
苗栗市,房地(土地+建物),苗1~30號,140.0,,山坡地保育區,丙種建築用地,1050727,土地1建物1車位0,全,三層,透天厝,住家用,鋼筋混凝土造,1051124,163.8,4,2,3,有,無,8500000,51893,,0.0,0,,RPSOMLNKMHMFFBK68CA
苗栗市,房地(土地+建物),苗1~30號,108.0,,山坡地保育區,丙種建築用地,1050423,土地1建物1車位0,全,三層,透天厝,住家用,鋼筋混凝土造,1051124,125.8,3,2,3,有,無,6760000,53736,,0.0,0,,RPVOMLNKMHMFFBK98CA
苗栗市,房地(土地+建物),苗1~30號,102.0,,山坡地保育區,丙種建築用地,1050430,土地1建物1車位0,全,三層,透天厝,住家用,鋼筋混凝土造,1051124,125.8,3,2,3,有,無,6980000,55485,,0.0,0,,RPWOMLNKMHMFFBK09CA
苑裡鎮,房地(土地+建物),苗栗縣苑裡鎮山柑里10鄰山柑91~120號,49.36,,特定農業區,甲種建築用地,1060220,土地1建物1車位0,四層,七層,華廈(10層含以下有電梯),見其他登記事項,鋼筋混凝土造,1050226,153.17,4,2,2,有,有,4755000,31044,,0.0,0,,RPQNMLPJMHMFFCK58CA
竹南鎮,房地(土地+建物)+車位,苗栗縣竹南鎮崎頂里16鄰和勇街1~30號,14.67,,工業區,丁種建築用地,1060301,土地1建物1車位1,四層,五層,套房(1房1廳1衛),住家用,鋼筋混凝土造,1041126,59.010000000000005,1,1,1,有,有,3100000,52533,其他,0.0,0,,RPQNMLPKMHMFFDK78CA
竹南鎮,土地,山佳段271~300地號,954.0,住,,,1060221,土地1建物0車位0,,,其他,,,,0.0,0,0,0,有,無,45300000,47484,,0.0,0,,RPTNMLKMLHMFFDK68CA
竹南鎮,房地(土地+建物),苗栗縣竹南鎮天文里17鄰龍富街42巷1~30號,72.52,住,,,1060303,土地2建物1車位0,全,四層,透天厝,見其他登記事項,鋼筋混凝土造,0970220,182.95,4,2,4,有,無,8000000,43728,,0.0,0,,RPPNMLLMLHMFFDK38CA
竹南鎮,房地(土地+建物),苗栗縣竹南鎮頂埔里13鄰中華路78巷58弄1~30號,35.26,住,,,1060322,土地1建物1車位0,全,二層,透天厝,住家用,加強磚造,0670201,77.4,3,2,2,有,無,2600000,33592,,0.0,0,,RPSNMLLMLHMFFDK68CA
竹南鎮,房地(土地+建物),苗栗縣竹南鎮大埔里11鄰仁愛路1091巷17弄1~30號,161.71,,特定農業區,甲種建築用地,1060215,土地2建物1車位0,全,三層,透天厝,見其他登記事項,鋼筋混凝土造,1050202,239.65,3,2,3,有,無,11000000,45900,,0.0,0,,RPUNMLLMLHMFFDK88CA
竹南鎮,房地(土地+建物),苗栗縣竹南鎮正南里28鄰福德路151~180號,89.0,住,,,1060301,土地1建物1車位0,一層，二層，三層，四層，騎樓，見其他登記事項,四層,店面(店鋪),見其他登記事項,鋼筋混凝土造,1050811,290.47,4,2,6,有,無,16900000,58182,,0.0,0,,RPVNMLLMLHMFFDK98CA
竹南鎮,房地(土地+建物),苗栗縣竹南鎮大埔里2鄰科專六路247巷1~30號,105.01,住,,,1060316,土地2建物1車位0,全,四層,透天厝,見其他登記事項,鋼筋混凝土造,1041208,272.43,4,3,4,有,無,15000000,55060,,0.0,0,,RPOOMLRJMHMFFDK78CA
竹南鎮,房地(土地+建物),苗栗縣竹南鎮大埔里想思林1~30號,105.63,,特定農業區,甲種建築用地,1060310,土地1建物1車位0,全,三層,透天厝,住家用,鋼筋混凝土造,1050819,182.38,4,2,4,有,無,8000000,43864,,0.0,0,,RPPNMLRJMHMFFDK78CA
竹南鎮,房地(土地+建物),苗栗縣竹南鎮大埔里2鄰科專六路247巷1~30號,149.76,住,,,1060316,土地2建物1車位0,全,四層,透天厝,見其他登記事項,鋼筋混凝土造,1041208,239.56,4,3,5,有,無,15000000,62615,,0.0,0,,RPVNMLRJMHMFFDK76CA
三義鄉,土地,三叉段91~120地號,1253.0,,山坡地保育區,農牧用地,1060306,土地1建物0車位0,,,其他,,,,0.0,0,0,0,有,無,1950000,1556,,0.0,0,,RPPNMLLMLHMFFEK48CA
三義鄉,土地,三叉段91~120地號,5260.0,,山坡地保育區,農牧用地,1060309,土地2建物0車位0,,,其他,,,,0.0,0,0,0,有,無,2367000,450,,0.0,0,親友、員工或其他特殊關係間之交易。,RPRNMLRJMHMFFEK09CA
銅鑼鄉,土地,新雞隆段241~270地號,111.0,,山坡地保育區,丙種建築用地,1060303,土地1建物0車位0,,,其他,,,,0.0,0,0,0,有,無,600000,5405,,0.0,0,,RPQNMLMLMHMFFEK68CA
竹南鎮,房地(土地+建物)+車位,苗栗縣竹南鎮竹興里7鄰復興路406巷31~60號,35.27,,鄉村區,乙種建築用地,1060226,土地1建物1車位1,三層,五層,華廈(10層含以下有電梯),見其他登記事項,鋼筋混凝土造,1050331,126.41,3,2,2,有,無,6000000,47468,一樓平面,0.0,0,,RPTNMLPJMHMFFDK98CA
造橋鄉,房地(土地+建物),苗栗縣造橋鄉大龍村2鄰中間31~60號,96.0,,山坡地保育區,丙種建築用地,1060311,土地1建物1車位0,全,一層,透天厝,住家用,鋼筋混凝土造,0740718,83.49,4,2,2,有,無,2100000,25153,,0.0,0,,RPQNMLLKMHMFFDK38CA
竹南鎮,房地(土地+建物),苗栗縣竹南鎮大埔里2鄰科專七路389巷1弄1~30號,99.16,住,,,1060213,土地3建物1車位0,全,五層,透天厝,見其他登記事項,鋼筋混凝土造,1050309,274.72,4,2,4,有,無,14500000,52781,,0.0,0,,RPQOMLNKMHMFFDK68CA
竹南鎮,房地(土地+建物),苗栗縣竹南鎮海口里9鄰仁德路331~360號,44.06,住,,,1050604,土地1建物1車位0,三層,五層,華廈(10層含以下有電梯),住家用,鋼筋混凝土造,1051219,133.73,3,2,2,有,無,5180000,38735,,0.0,0,買賣價款含共有約定專用,RPTOMLNKMHMFFDK98CA
通霄鎮,土地,內湖西段61~90地號,132.33,,山坡地保育區,農牧用地,1060306,土地1建物0車位0,,,其他,,,,0.0,0,0,0,有,無,120089,907,,0.0,0,,RPPNMLRJMHMFFCK68CA
苑裡鎮,土地,上館段361~390地號,2328.07,,特定農業區,農牧用地,1060103,土地1建物0車位0,,,其他,,,,0.0,0,0,0,有,無,8100000,3479,,0.0,0,,RPQNMLRJMHMFFCK78CA
公館鄉,房地(土地+建物),苗栗縣公館鄉石?村3鄰石?61~90號,729.38,,特定農業區,農牧用地,1060321,土地1建物1車位0,一層，二層,二層,農舍,農舍,鋼筋混凝土造,0990517,144.46,4,2,2,有,無,17420063,,,0.0,0,,RPVNMLOLMHMFFBK09CA
公館鄉,土地,關爺埔段841~870地號,198.49,,特定農業區,農牧用地,1060321,土地1建物0車位0,,,其他,,,,0.0,0,0,0,有,無,3379937,17028,,0.0,0,與毗鄰農舍併同移轉,RPWNMLOLMHMFFBK56CA
頭屋鄉,房地(土地+建物),苗栗縣頭屋鄉獅潭村13鄰億興街31~60號,72.0,,鄉村區,乙種建築用地,1060107,土地1建物1車位0,全,二層,透天厝,住家用,加強磚造,0690507,122.04,3,2,2,有,無,3200000,26221,,0.0,0,,RPPNMLTJMHMFFBK78CA
卓蘭鎮,房地(土地+建物),苗栗縣卓蘭鎮三和路1~30號,19.9,住,,,1060304,土地1建物1車位0,五層,七層,華廈(10層含以下有電梯),住家用,鋼筋混凝土造,0850718,77.25,3,1,2,有,無,2700000,34951,,0.0,0,有無獨立權狀之車位2個,RPPNMLQJMHMFFAK38CA
卓蘭鎮,土地,明德段451~480地號,213.0,,特定農業區,農牧用地,1060309,土地1建物0車位0,,,其他,,,,0.0,0,0,0,有,無,2000000,9390,,0.0,0,,RPRNMLLKMHMFFAK18CA
頭份鎮,房地(土地+建物),苗栗縣頭份鎮成功里6鄰信東路301~330號,16.16,住,,,1060308,土地1建物1車位0,五層,七層,華廈(10層含以下有電梯),住家用,鋼筋混凝土造,0831212,120.60000000000001,2,2,1,有,無,4200000,34826,,0.0,0,,RPRNMLPJMHMFFFK98CA
頭份鎮,土地,興埔段241~270地號,2951.61,,山坡地保育區,丙種建築用地,1060307,土地2建物0車位0,,,其他,,,,0.0,0,0,0,有,無,0,0,,0.0,0,,RPTNMLPJMHMFFFK56CA
頭份鎮,土地,興埔段241~270地號,2965.0,,山坡地保育區,丙種建築用地,1060307,土地3建物0車位0,,,其他,,,,0.0,0,0,0,有,無,64105000,21621,,0.0,0,,RPUNMLPJMHMFFFK66CA
頭份鎮,房地(土地+建物)+車位,苗栗縣頭份鎮成功里1鄰忠孝一路301~330號,13.79,商,,,1051217,土地1建物1車位1,二層,十層,華廈(10層含以下有電梯),住家用,鋼筋混凝土造,0820922,125.11,3,2,2,有,有,4200000,33570,坡道平面,0.0,0,,RPVNMLLMLHMFFFK56CA
頭份鎮,土地,正興段2131~2160地號,165.03,,一般農業區,農牧用地,1060324,土地1建物0車位0,,,其他,,,,0.0,0,0,0,有,無,898588,5445,,0.0,0,,RPPNMLOLMHMFFFK88CA
頭份鎮,土地,正興段2131~2160地號,173.64,,一般農業區,農牧用地,1060324,土地2建物0車位0,,,其他,,,,0.0,0,0,0,有,無,946341,5450,,0.0,0,,RPRNMLOLMHMFFFK09CA
頭份鎮,土地,尖山段811~840地號,37.52,,特定農業區,農牧用地,1060301,土地1建物0車位0,,,其他,,,,0.0,0,0,0,有,無,200000,5330,,0.0,0,,RPRNMLRJMHMFFFK56CA
苗栗市,房地(土地+建物),苗栗縣苗栗市水源里6鄰恭敬路271~300號,5.25,住,,,1060316,土地1建物1車位0,二層,六層,套房(1房1廳1衛),住家用,鋼筋混凝土造,0870626,26.660000000000004,1,1,1,有,有,830000,31133,,0.0,0,總價含契稅3060元及登記規費233元,RPVOMLLMLHMFFBK98DA
苗栗市,土地,恭敬段1081~1110地號,1882.01,其他,,,1060319,土地1建物0車位0,,,其他,,,,0.0,0,0,0,有,無,3527800,1874,,0.0,0,,RPWNMLPJMHMFFBK56DA
苗栗市,土地,巨蛋段1561~1590地號,277.75,其他,,,1060311,土地1建物0車位0,,,其他,,,,0.0,0,0,0,有,無,2599740,9360,,0.0,0,(包含)公共設施保留地之交易。,RPQNMLKKMHMFFBK18DA
苗栗市,土地,巨蛋段1561~1590地號,55.45,住,,,1060311,土地1建物0車位0,,,其他,,,,0.0,0,0,0,有,無,3020260,54468,,0.0,0,土地增值稅541606元由權利人繳納,RPQNMLSKMHMFFBK98DA
