s腹,ga跋q旄m,ga簿锣笨nキよそへ,ㄏノだ跋┪sw
RPPOMLMJNHMFFAO78EA,ENq,5.11,常カG坝
RPTNMLLKNHMFFAO88CA,nq|pq,37.16,常カGㄤL
RPWNMLLKNHMFFAO56CA,邾熏q,13.57,常カG
RPROMLMKMHMFFAO78CA,Zq,87.00,常カG
RPVPMLRKMHMFFAO17CA,Fsq@pq,7.44,常カGㄤL
RPVPMLRKMHMFFAO17CA,Fsq@pq,.32,常カG
RPUNMLRJMHMFFAO76CA,X肖q,50.56,D常カGsYaO|跋 ; D常カswG贺乜vノa
RPUNMLRJMHMFFAO76CA,X肖q,12.52,D常カGsYaO|跋 ; D常カswG贺乜vノa
RPXPMLQJMHMFFAO17CA,Fq,19.57,常カGㄤL
RPUOMLTKLHMFFAO07CA,Fq,19.79,常カG坝
RPQNMLKLLHMFFAO38CA,ず打q,32.33,D常カGm跋 ; D常カswGA贺乜vノa
RPQNMLKLLHMFFAO38CA,ず打q,161.81,D常カGm跋 ; D常カswGA贺乜vノa
RPXNMLKLLHMFFAO09CA,_q,3.80,常カG坝
RPSNMLKLLHMFFAO58CA,いsqTpq,12.94,常カGㄤL
RPOPMLKLLHMFFAO38CA,Z钞q,8.80,常カG
RPRNMLLLLHMFFAO58CA,Zq,89.00,常カG
RPTNMLLLLHMFFAO78CA,鳏sq,36.00,常カG
RPPPMLLLLHMFFAO58CA,Fq,328.00,常カG
RPPNMLMLLHMFFAO48CA,匪爵q,64.35,D常カGm跋 ; D常カswGA贺乜vノa
RPQNMLMLLHMFFAO58CA,克くqGpq,9.97,常カG
RPVNMLMLLHMFFAO09CA,┚Уq,124.00,常カGu
RPXNMLMLLHMFFAO66CA,克くqGpq,14.09,常カG
RPVOMLMLLHMFFAO56CA,チIq,80.00,常カG
RPVOMLMLLHMFFAO56CA,チIq,4.00,常カGㄤL
RPVOMLMLLHMFFAO56CA,チIq,82.00,常カG
RPVOMLMLLHMFFAO56CA,チIq,82.00,常カG
RPVOMLMLLHMFFAO56CA,チIq,82.00,常カG
RPSOMLRKLHMFFAO66CA,褐Lq,14.45,常カG
RPPOMLNLLHMFFAO68CA,λ浆q,18.80,常カG坝
RPTNMLOLLHMFFAO09CA,い懂q,27.35,常カG坝
RPTNMLOLLHMFFAO09CA,[lq,.58,常カG坝
RPUNMLQLLHMFFAO76CA,[lq,28.94,常カG
RPSOMLRLLHMFFAO76CA,Z钞q,25.25,常カGㄤL
RPSOMLRLLHMFFAO76CA,Z钞q,.61,常カGㄤL
RPQNMLSLLHMFFAO56CA,闽Fq,27.00,常カG
RPTOMLTLLHMFFAO07CA,护がq,182.81,常カG
RPPQMLTLLHMFFAO86CA,Fq,84.28,常カGㄤL
RPQQMLTLLHMFFAO96CA,Fq,1.48,常カGㄤL
RPOQMLNLLHMFFAO78CA,憔衄q,14.10,常カGㄤL
RPWPMLOLLHMFFAO96CA,Z钞q,3.96,常カG
RPWQMLOLLHMFFAO07CA,Z钞q,48.26,常カG
RPXQMLOLLHMFFAO17CA,Zq,38.78,常カG
RPQNMLQLLHMFFAO98CA,Fsq@pq,20.11,常カG
RPUNMLNLLHMFFAO09CA,チIq,29.46,常カG
RPQPMLMLLHMFFAO78CA,瑾q@pq,5.67,常カG坝
RPQPMLMLLHMFFAO78CA,瑾q@pq,30.67,常カG坝
RPROMLMLLHMFFAO78CA,n打q,55.77,D常カGsYaO|跋 ; D常カswG贺乜vノa
RPRPMLKLLHMFFAO68CA,ENq,3.93,常カG坝
RPUNMLKLLHMFFAO78CA,λ浆q,105.00,常カG
RPPOMLKLLHMFFAO38CA,い懂q,5.31,常カG
RPPOMLKLLHMFFAO38CA,[lq,.17,常カG
RPSOMLKLLHMFFAO68CA,邾熏q,8.07,常カG
RPUOMLKLLHMFFAO88CA,瓣Dq,26.44,常カG
RPRNMLKLLHMFFAO48CA,[lq,53.15,常カG
RPPQMLQJMHMFFAO09CA,ず打q,773.40,D常カGSwA~跋 ; D常カswGAノa
RPPQMLQJMHMFFAO09CA,ず打q,97.73,D常カGSwA~跋 ; D常カswGAノa
RPTNMLSJMHMFFAO76CA,Zq,17.17,常カG坝
RPUNMLSJMHMFFAO86CA,Zq,19.26,常カG坝
RPQOMLSJMHMFFAO56CA,s砍q,35.42,常カG
RPQOMLSJMHMFFAO56CA,λ浆q,4.99,常カG
RPQOMLSJMHMFFAO56CA,s砍q,3.27,常カG
RPPOMLLKMHMFFAO48CA,邾熏q,30.70,常カG
RPVOMLQJMHMFFAO07EA,sq,16.02,常カG
RPVOMLQJMHMFFAO07EA,sq,22.67,常カG
RPXNMLSLLHMFFAO37DA,X肖q,.30,D常カGsYaO|跋 ; D常カswG贺乜vノa
RPXNMLSLLHMFFAO37DA,X肖q,27.36,D常カGsYaO|跋 ; D常カswG贺乜vノa
RPRNMLNKMHMFFAO98EA,い懂q,36.95,常カGㄤL
RPPNMLRJMHMFFAO88CA,打q,1094.00,D常カGsYaO|跋 ; D常カswG贺乜vノa
RPPNMLRJMHMFFAO88CA,打q,3.00,D常カGsYaO|跋 ; D常カswG贺乜vノa
RPPNMLRJMHMFFAO88CA,打q,4.00,D常カGsYaO|跋 ; D常カswG贺乜vノa
RPPNMLRJMHMFFAO88CA,打q,4.00,D常カGsYaO|跋 ; D常カswG贺乜vノa
RPPNMLRJMHMFFAO88CA,打q,487.59,D常カG ; D常カswG
RPPNMLRJMHMFFAO88CA,打q,447.20,D常カG ; D常カswG
RPPNMLRJMHMFFAO88CA,打q,447.95,D常カG ; D常カswG
RPPNMLRJMHMFFAO88CA,打q,446.83,D常カG ; D常カswG
RPPNMLRJMHMFFAO88CA,打q,457.17,D常カG ; D常カswG
RPPNMLRJMHMFFAO88CA,打q,401.91,D常カG ; D常カswG
RPPNMLRJMHMFFAO88CA,打q,374.32,D常カG ; D常カswG
RPPNMLRJMHMFFAO88CA,打q,375.18,D常カG ; D常カswG
RPPNMLRJMHMFFAO88CA,打q,374.83,D常カG ; D常カswG
RPPNMLRJMHMFFAO88CA,打q,379.39,D常カG ; D常カswG
RPUNMLQJMHMFFAO66CA,_q,34.04,常カG
RPXOMLPJMHMFFAO96CA,闽Fq,7.02,常カG
RPXOMLPJMHMFFAO96CA,闽Fq,.83,常カG
RPVOMLLLLHMFFAO09CA,_q,1.00,常カGu
RPXOMLLLLHMFFAO66CA,Q衄q,1.18,常カGA
RPXOMLLLLHMFFAO66CA,Q衄q,20.50,常カGㄤL
RPSOMLMLLHMFFAO88CA,d袁q,32.35,常カG
RPSOMLMLLHMFFAO88CA,d袁q,1.16,常カG
RPRNMLMLLHMFFAO68CA,邾熏q,11.14,常カG
RPSPMLMLLHMFFAO98CA,Kq,95.22,常カG
RPSNMLNLLHMFFAO88CA,X肖q,793.00,D常カGsYaO|跋 ; D常カswG臾Qノa
RPVOMLOLLHMFFAO76CA,瓣Dq,19.48,常カG坝
RPWOMLOLLHMFFAO86CA,瓣Dq,19.82,常カG坝
RPXOMLOLLHMFFAO96CA,瓣Dq,19.20,常カG坝
RPOPMLOLLHMFFAO78CA,瓣Dq,13.48,常カG坝
RPPPMLOLLHMFFAO88CA,瓣Dq,17.09,常カG坝
RPUQMLNLLHMFFAO76CA,F爵q,.82,常カG
RPUQMLNLLHMFFAO76CA,F爵q,12.71,常カG
RPUQMLNLLHMFFAO76CA,F爵q,2.09,常カG
RPWNMLOLLHMFFAO76CA,い地q,31.61,常カGㄤL
RPPNMLOLLHMFFAO68CA,Zq,.23,常カG坝
RPPNMLOLLHMFFAO68CA,Zq,10.60,常カG坝
RPQNMLOLLHMFFAO78CA,Zq,.32,常カG坝
RPQNMLOLLHMFFAO78CA,Zq,14.57,常カG坝
RPRNMLOLLHMFFAO88CA,Zq,.32,常カG坝
RPRNMLOLLHMFFAO88CA,Zq,14.57,常カG坝
RPSNMLOLLHMFFAO98CA,Zq,.02,常カG坝
RPSNMLOLLHMFFAO98CA,Zq,.88,常カG坝
RPTNMLRLLHMFFAO76CA,Fq,37.00,常カGㄤL
RPROMLRLLHMFFAO66CA,Z钞q,.31,常カGㄤL
RPROMLRLLHMFFAO66CA,Z钞q,16.13,常カGㄤL
RPWNMLQLLHMFFAO96CA,鳏sq,37.28,常カG
RPUNMLSLLHMFFAO96CA,地q,18.45,常カG
RPUOMLTLLHMFFAO17CA,い地q,25.34,常カGㄤL
RPOPMLTLLHMFFAO66CA,j厩q,18.20,常カG
RPOPMLTLLHMFFAO66CA,j厩q,4.94,常カGㄤL
RPOPMLTLLHMFFAO66CA,j厩q,140.69,常カG
RPOPMLTLLHMFFAO66CA,j厩q,4.78,常カG
RPOPMLTLLHMFFAO66CA,j厩q,1.61,常カGㄤL
RPQPMLRLLHMFFAO66CA,Θwq,7.42,常カG
RPQPMLRLLHMFFAO66CA,Θwq,31.51,常カG
RPUOMLSLLHMFFAO07CA,於楝qsspq,74.05,常カG
RPSQMLTLLHMFFAO17CA,Pcq,5.79,常カG
RPSQMLTLLHMFFAO17CA,Pcq,.80,常カG
RPSQMLTLLHMFFAO17CA,Pcq,.38,常カG
RPXPMLTLLHMFFAO57CA,Zq,24.41,常カG
RPXPMLTLLHMFFAO57CA,Zq,59.76,常カG
RPXPMLTLLHMFFAO57CA,Zq,7.90,常カG
RPOOMLOLLHMFFAO68CA,Hqq,13.92,常カG
RPSOMLOLLHMFFAO09CA,λ浆q,18.80,常カG坝
RPTOMLOLLHMFFAO56CA,Mキq,32.28,常カG
RPUOMLNLLHMFFAO56CA,い地q,20.01,常カG
RPXOMLNLLHMFFAO86CA,n地q,9.76,常カG
RPUNMLMLLHMFFAO98CA,Kq,45.49,常カG
RPUOMLMLLHMFFAO09CA,_q,27.62,常カG
RPOOMLMLLHMFFAO48CA,瓣Dq,12.94,常カG坝
RPPOMLKKMHMFFAO38CA,い懂q,7.33,常カG
RPSNMLMLLHMFFAO98EA,护がq,24.81,常カG
RPWPMLSKMHMFFAO37CA,懂匪q,94.28,D常カGsYaO|跋 ; D常カswG贺乜vノa
RPWPMLSKMHMFFAO37CA,懂匪q,5.60,D常カGsYaO|跋 ; D常カswG贺乜vノa
RPWPMLSKMHMFFAO37CA,懂匪q,126.41,D常カGsYaO|跋 ; D常カswG贺乜vノa
RPWPMLSKMHMFFAO37CA,懂匪q,2.16,D常カGsYaO|跋 ; D常カswG贺乜vノa
RPWPMLSKMHMFFAO37CA,懂匪q,.77,D常カGsYaO|跋 ; D常カswG贺乜vノa
RPWPMLSKMHMFFAO37CA,懂匪q,.80,D常カGsYaO|跋 ; D常カswG贺乜vノa
RPWPMLSKMHMFFAO37CA,懂匪q,.53,D常カGsYaO|跋 ; D常カswG贺乜vノa
RPWPMLSKMHMFFAO37CA,懂匪q,3.04,D常カGsYaO|跋 ; D常カswG贺乜vノa
RPUOMLRKMHMFFAO96CA,F镭q,1604.33,常カGA
RPQPMLRKMHMFFAO66CA,Kq,45.16,常カG
RPSOMLTKMHMFFAO96CA,n打q,7.89,D常カGsYaO|跋 ; D常カswG贺乜vノa
RPSOMLTKMHMFFAO96CA,n打q,24.39,D常カGsYaO|跋 ; D常カswG贺乜vノa
RPSOMLTKMHMFFAO96CA,n打q,.31,D常カGsYaO|跋 ; D常カswG贺乜vノa
RPTOMLRKMHMFFAO86CA,nq@pq,1.07,常カG坝
RPTOMLRKMHMFFAO86CA,nq@pq,1.48,常カG坝
RPTOMLRKMHMFFAO86CA,nq@pq,1.33,常カG坝
RPXNMLNKMHMFFAO76CA,s翠q,58.79,常カG
RPXNMLNKMHMFFAO76CA,s翠q,20.55,常カG
RPPOMLOLLHMFFAO98EA,Zq,16.15,常カG坝
RPWPMLOLLHMFFAO17EA,地q,24.15,常カG
RPUOMLTJNHMFFAO17CA,チDq,13.37,常カG
RPVPMLMKMHMFFAO86EA,侣垃q,23.75,常カGㄤL
RPPNMLLLMHMFFAO48CA,Z钞q,30.80,常カG
RPRNMLLLMHMFFAO68CA,Z钞q,30.80,常カG
RPWNMLLKMHMFFAO09CA,Ρ匪q,27.75,常カG
RPROMLSJMHMFFAO66CA,Zq,17.17,常カG坝
RPSOMLSJMHMFFAO76CA,Zq,18.86,常カG坝
RPTOMLSJMHMFFAO86CA,Zq,13.25,常カG坝
RPWNMLSJMHMFFAO07CA,Zq,21.42,常カG坝
RPXNMLSJMHMFFAO17CA,Zq,21.42,常カG坝
RPOOMLSJMHMFFAO98CA,Zq,13.18,常カG坝
RPPOMLSJMHMFFAO09CA,Zq,13.18,常カG坝
RPOPMLPJMHMFFAO78CA,滑q,23.47,常カG
RPTOMLQJMHMFFAO66CA,FsqGpq,32.00,常カG
RPWPMLQJMHMFFAO07CA,v|q,27.01,D常カGsYaO|跋 ; D常カswG贺乜vノa
RPWPMLQJMHMFFAO07CA,v|q,.18,D常カGsYaO|跋 ; D常カswG贺乜vノa
RPWPMLQJMHMFFAO07CA,v|q,83.16,D常カGsYaO|跋 ; D常カswG贺乜vノa
RPWPMLQJMHMFFAO07CA,v|q,.30,D常カGsYaO|跋 ; D常カswG贺乜vノa
RPWPMLQJMHMFFAO07CA,v|q,2.89,D常カGsYaO|跋 ; D常カswG臾Qノa
RPTNMLNLLHMFFAO98CA,_q,90.00,常カG
RPTPMLMLLHMFFAO09CA,Kq,28.30,常カG
RPSPMLNLLHMFFAO09CA,侣垃q,11.45,常カG
RPWOMLNLLHMFFAO76CA,いsqTpq,19.00,常カG坝
RPVQMLNLLHMFFAO86CA,Fq,28.77,常カG坝
RPRQMLNLLHMFFAO09CA,n地q,16.11,常カG
RPRQMLNLLHMFFAO09CA,n地q,52.81,常カG
RPQPMLOLLHMFFAO98CA,チIq,32.81,常カG
RPQPMLOLLHMFFAO98CA,チIq,2.43,常カGㄤL
RPXPMLOLLHMFFAO07CA,n墩q,73.41,D常カGm跋 ; D常カswGA贺乜vノa
RPQRMLOLLHMFFAO56CA,鸢q,37.55,常カG
RPQRMLOLLHMFFAO56CA,鸢q,1.13,常カG
RPQRMLOLLHMFFAO56CA,鸢q,.73,常カG
RPTQMLOLLHMFFAO76CA,Fq,27.16,常カG
RPTQMLTLLHMFFAO27CA,いsq@pq,46.00,常カG坝
RPPNMLKMLHMFFAO38CA,舴浆q,297.42,D常カGSwA~跋 ; D常カswGAノa
RPPNMLKMLHMFFAO38CA,舴浆q,14.94,D常カGSwA~跋 ; D常カswGAノa
RPPNMLKMLHMFFAO38CA,舴浆q,551.97,D常カGSwA~跋 ; D常カswGAノa
RPPNMLKMLHMFFAO38CA,舴浆q,32.88,D常カGSwA~跋 ; D常カswGAノa
RPPNMLKMLHMFFAO38CA,舴浆q,89.24,D常カGSwA~跋 ; D常カswGAノa
RPOPMLSLLHMFFAO56CA,於楝qsspq,75.46,常カG
RPVNMLQLLHMFFAO86CA,Hqq,9.68,常カGㄤL
RPRNMLRLLHMFFAO56CA,订Μq,307.74,D常カGSwA~跋 ; D常カswGAノa
RPUNMLRLLHMFFAO86CA,Fq,11.00,常カGㄤL
RPUNMLRLLHMFFAO86CA,Fq,64.00,常カGㄤL
RPVOMLRLLHMFFAO07CA,闽Fq,46.00,常カG坝
RPPNMLTLLHMFFAO56CA,F镭q,1567.41,常カG
RPPNMLTLLHMFFAO56CA,F镭q,2.94,常カG
RPPNMLTLLHMFFAO56CA,F镭q,39.14,常カG
RPPNMLTLLHMFFAO56CA,F镭q,2329.12,常カG
RPWPMLTLLHMFFAO47CA,ざ关q,19.20,常カG
RPQPMLKMLHMFFAO68CA,Fsq@pq,22.00,常カG
RPQPMLKMLHMFFAO68CA,Fsq@pq,5.00,常カG
RPTNMLLMLHMFFAO88CA,瓣Dq,13.92,常カG
RPVPMLKMLHMFFAO56CA,s缠q,56.00,常カG
RPPNMLLMLHMFFAO48CA,_いq,5.53,常カG坝
RPPNMLLMLHMFFAO48CA,_いq,.40,常カG
RPQNMLLMLHMFFAO58CA,Fq,217.00,常カGㄤL
RPVQMLOLLHMFFAO96CA,いァq,4.18,常カGㄤL
RPUPMLOLLHMFFAO76CA,F爵q,.83,常カG
RPUPMLOLLHMFFAO76CA,F爵q,12.89,常カG
RPUPMLOLLHMFFAO76CA,F爵q,2.12,常カG
RPRQMLOLLHMFFAO56CA,FsqGpq,27.75,常カGㄤL
RPRQMLOLLHMFFAO56CA,FsqGpq,49.75,常カG
RPSQMLOLLHMFFAO66CA,い地q,31.24,常カGㄤL
RPPNMLQJMHMFFAO78CA,瑾qTpq,35.99,常カG坝
RPWNMLRJMHMFFAO96CA,い懂q,19.03,常カG坝
RPWNMLRJMHMFFAO96CA,[lq,.41,常カG坝
RPPPMLPJMHMFFAO88CA,舴浆q,165.34,D常カGSwA~跋 ; D常カswGAノa
RPXPMLPJMHMFFAO07CA,Zq,.32,常カG坝
RPXPMLPJMHMFFAO07CA,Zq,15.01,常カG坝
RPQQMLRJMHMFFAO66CA,鳏sq,99.60,常カG
RPRPMLTKMHMFFAO96CA,λ浆q,44.35,常カGㄤL
RPSPMLOLMHMFFAO66CA,F爵q,11.97,常カG
RPPOMLOLLHMFFAO88DA,Fq,2.20,常カGㄤL
RPQOMLOLLHMFFAO98DA,Fq,1.63,常カGㄤL
RPROMLTKMHMFFAO86CA,憔衄q,65.68,D常カGm跋 ; D常カswGA贺乜vノa
RPSPMLTKMHMFFAO07CA,Kq,22.28,常カGㄤL
RPSPMLTKMHMFFAO07CA,Kq,.50,常カG
RPSPMLTKMHMFFAO07CA,Kq,.11,常カG
RPQNMLRLLHMFFAO66EA,邾熏q,26.00,常カG
RPUPMLMKMHMFFAO76EA,n打q,44.30,D常カGsYaO|跋 ; D常カswG贺乜vノa
RPUPMLMKMHMFFAO76EA,n打q,.21,D常カGsYaO|跋 ; D常カswG贺乜vノa
RPXOMLOKMHMFFAO96CA,チIq,81.00,常カG
RPOPMLOKMHMFFAO78CA,Z钞q,27.86,常カG
RPOPMLOKMHMFFAO78CA,Z钞q,62.00,常カG
RPRNMLPKMHMFFAO98CA,Kq,19.94,常カG
RPRNMLPKMHMFFAO98CA,Kq,.28,常カGㄤL
RPVNMLRKMHMFFAO96CA,aLq,84.48,D常カGsYaO|跋 ; D常カswG贺乜vノa
RPVNMLRKMHMFFAO96CA,aLq,38.50,D常カGsYaO|跋 ; D常カswG贺乜vノa
RPPNMLQKMHMFFAO88CA,Hqq,13.92,常カG
RPOPMLRJMHMFFAO98CA,Zq,327.68,常カG
RPRPMLRJMHMFFAO66CA,Zq,227.53,常カG
RPOPMLSJMHMFFAO09CA,翠nq,69.93,D常カGm跋 ; D常カswGA贺乜vノa
RPPPMLSJMHMFFAO56CA,d贾q,21.91,常カG
RPXNMLPJMHMFFAO86CA,_q,4.52,常カG
RPXNMLPJMHMFFAO86CA,_q,4.28,常カG坝
RPOOMLPJMHMFFAO68CA,Zq,38.33,常カG
RPPOMLPJMHMFFAO78CA,Zq,58.11,常カG
RPXQMLPJMHMFFAO17CA,n打q,6.26,D常カGsYaO|跋 ; D常カswG贺乜vノa
RPXQMLPJMHMFFAO17CA,n打q,3.17,D常カGsYaO|跋 ; D常カswG贺乜vノa
RPXQMLPJMHMFFAO17CA,n打q,19.02,D常カGm跋 ; D常カswGA贺乜vノa
RPXQMLPJMHMFFAO17CA,n打q,10.08,D常カGsYaO|跋 ; D常カswG贺乜vノa
RPXQMLPJMHMFFAO17CA,n打q,1.71,D常カGm跋 ; D常カswGA贺乜vノa
RPXQMLPJMHMFFAO17CA,n打q,2.72,D常カGsYaO|跋 ; D常カswG贺乜vノa
RPWNMLQJMHMFFAO86CA,闽Fq,18.70,常カG
RPWNMLQJMHMFFAO86CA,闽Fq,1.94,常カGㄤL
RPSPMLOLLHMFFAO56CA,Kq,32.53,常カG
RPVPMLOLLHMFFAO86CA,[lq,11.20,常カG
RPORMLOLLHMFFAO98CA,λ浆q,4.00,常カG
RPORMLOLLHMFFAO98CA,λ浆q,1.00,常カG
RPORMLOLLHMFFAO98CA,λ浆q,2.00,常カG
RPRNMLLMLHMFFAO68CA,い地q,22.04,常カGㄤL
RPXNMLLMLHMFFAO66CA,ず打q,217.26,D常カGsYaO|跋 ; D常カswG贺乜vノa
RPXNMLLMLHMFFAO66CA,ず打q,163.31,D常カGsYaO|跋 ; D常カswG瓣gOwノa
RPTOMLLMLHMFFAO98CA,Fq,35.26,常カGㄤL
RPWOMLLMLHMFFAO66CA,艾q,74.20,D常カGsYaO|跋 ; D常カswG贺乜vノa
RPRPMLKMLHMFFAO78CA,Fq,43.60,常カGㄤL
RPSPMLKMLHMFFAO88CA,Fq,30.65,常カGㄤL
RPTPMLKMLHMFFAO98CA,Fq,26.56,常カGㄤL
RPRNMLSLLHMFFAO66CA,褐Lq,10.00,常カG
RPRNMLSLLHMFFAO66CA,褐Lq,2.00,常カGㄤL
RPRNMLSLLHMFFAO66CA,褐Lq,98.00,常カG
RPQNMLTLLHMFFAO66CA,Θ\q,20.68,常カG
RPQNMLTLLHMFFAO66CA,j厩q,.25,常カG
RPXOMLRLLHMFFAO27CA,Hqq,.02,常カG坝
RPXOMLRLLHMFFAO27CA,Hqq,30.40,常カG坝
RPVNMLSLLHMFFAO07CA,氐噩q,33.53,常カG
RPWNMLSLLHMFFAO17CA,蔼Aq,73.78,常カGㄤL
RPWNMLSLLHMFFAO17CA,蔼Aq,1.28,常カGㄤL
RPQOMLRLLHMFFAO56CA,Fq,.78,常カGㄤL
RPXNMLQLLHMFFAO07CA,い地q,19.43,常カGㄤL
RPPNMLRLLHMFFAO98CA,邾熏q,.02,常カG
RPPNMLRLLHMFFAO98CA,邾熏q,25.68,常カG
RPROMLSLLHMFFAO76CA,瓣Dq,15.39,常カG坝
RPSOMLSLLHMFFAO86CA,瓣Dq,15.39,常カG坝
RPPPMLRLLHMFFAO56CA,n打q,34.43,D常カGsYaO|跋 ; D常カswG贺乜vノa
RPPPMLRLLHMFFAO56CA,n打q,.93,D常カGsYaO|跋 ; D常カswG贺乜vノa
RPWNMLTLLHMFFAO27CA,Zq,13.76,常カG坝
RPXNMLTLLHMFFAO37CA,Zq,13.76,常カG坝
RPOOMLTLLHMFFAO56CA,Zq,13.76,常カG坝
RPPOMLTLLHMFFAO66CA,Zq,16.30,常カG坝
RPUPMLKMLHMFFAO09CA,いァq,8.49,常カG
RPQNMLKMLHMFFAO48CA,蔼Aq,13.07,常カGㄤL
RPPPMLLMLHMFFAO68CA,_q,17.10,常カG坝
RPQOMLQJMHMFFAO98CA,Z钞q,54.30,常カG
RPQPMLQJMHMFFAO09CA,F爵q,.48,常カG
RPQPMLQJMHMFFAO09CA,F爵q,8.01,常カG
RPQPMLQJMHMFFAO09CA,F爵q,1.54,常カG
RPQPMLQJMHMFFAO09CA,F爵q,18.46,常カG
RPQPMLQJMHMFFAO09CA,F爵q,.03,常カG
RPROMLPJMHMFFAO98CA,Zq,.31,常カG坝
RPROMLPJMHMFFAO98CA,Zq,14.13,常カG坝
RPTOMLPJMHMFFAO56CA,Zq,.31,常カG坝
RPTOMLPJMHMFFAO56CA,Zq,14.13,常カG坝
RPUOMLPJMHMFFAO66CA,Zq,.22,常カG坝
RPUOMLPJMHMFFAO66CA,Zq,10.16,常カG坝
RPOOMLLKMHMFFAO38CA,Fq,27.40,常カG坝
RPVNMLMKMHMFFAO09CA,い懂q,7.09,常カG
RPVNMLMKMHMFFAO09CA,[lq,.23,常カG
RPWNMLTJNHMFFAO27CA,チDq@pq,1.28,常カG坝
RPWNMLTJNHMFFAO27CA,チDq@pq,4.25,常カG坝
RPRNMLQKMHMFFAO09CA,_q,75.00,常カG
RPVOMLMKMHMFFAO56CA,FsqGpq,2.06,常カG
RPVOMLMKMHMFFAO56CA,FsqGpq,2.06,常カG
RPVOMLMKMHMFFAO56CA,FsqGpq,3.12,常カGㄤL
RPVOMLMKMHMFFAO56CA,FsqGpq,3.12,常カGㄤL
RPVOMLMKMHMFFAO56CA,FsqGpq,1.25,常カGㄤL
RPVOMLMKMHMFFAO56CA,FsqGpq,1.25,常カGㄤL
RPVOMLMKMHMFFAO56CA,FsqGpq,3.56,常カG
RPVOMLMKMHMFFAO56CA,FsqGpq,3.56,常カG
RPVOMLMKMHMFFAO56CA,FsqGpq,47.00,常カG
RPVOMLMKMHMFFAO56CA,FsqGpq,47.00,常カG
RPQQMLMKMHMFFAO88CA,Zq,35.86,常カG
RPPNMLSJMHMFFAO98CA,いsqTpq,17.31,常カG坝
RPSNMLSJMHMFFAO66CA,Mキq,19.83,常カG
RPVNMLKKMHMFFAO88CA,nq|pq,53.00,常カG坝
RPXNMLKKMHMFFAO09CA,F镭q,70.95,常カG
RPXNMLKKMHMFFAO09CA,F镭q,.42,常カG
RPQPMLSJMHMFFAO66CA,F爵q,1.65,常カG
RPQPMLSJMHMFFAO66CA,F爵q,25.65,常カG
RPQPMLSJMHMFFAO66CA,F爵q,4.23,常カG
RPQQMLQJMHMFFAO56CA,瓣Dq,11.42,常カG坝
RPUQMLPJMHMFFAO86CA,枥噩q,12.49,常カG
RPQNMLRJMHMFFAO98CA,瓣Dq,19.70,常カG
RPRNMLRJMHMFFAO09CA,チIq,.31,常カG坝
RPRNMLRJMHMFFAO09CA,チIq,.40,常カGㄤL
RPRNMLRJMHMFFAO09CA,チIq,.53,常カG
RPRNMLRJMHMFFAO09CA,チIq,7.41,常カG坝
RPTNMLRJMHMFFAO66CA,克くq@pq,295.00,常カG
RPTNMLRJMHMFFAO66CA,克くq@pq,54.00,常カG
RPXOMLLMLHMFFAO76CA,Fq,19.20,常カG坝
RPUOMLLMLHMFFAO09CA,滑q,29.87,常カGA
RPUOMLLMLHMFFAO09CA,滑q,46.62,常カGA
RPOQMLTLLHMFFAO76CA,瑾q@pq,3.55,常カG坝
RPSNMLKMLHMFFAO68CA,Ρ匪q,90.34,常カG
RPTNMLKMLHMFFAO78CA,翠nq,139.44,D常カGSwA~跋 ; D常カswGB贺乜vノa
RPTNMLKMLHMFFAO78CA,翠nq,139.36,D常カGSwA~跋 ; D常カswGB贺乜vノa
RPTNMLKMLHMFFAO78CA,翠nq,139.28,D常カGSwA~跋 ; D常カswGB贺乜vノa
RPUNMLKMLHMFFAO88CA,nqGpq,6.23,常カG坝
RPWOMLTLLHMFFAO37CA,邾熏q,22.79,常カG
RPVPMLTLLHMFFAO37CA,X肖q,3.03,D常カGsYaO|跋 ; D常カswG贺乜vノa
RPVPMLTLLHMFFAO37CA,X肖q,11.67,D常カGsYaO|跋 ; D常カswG贺乜vノa
RPVOMLLMLHMFFAO56CA,sq,628.81,D常カGsYaO|跋 ; D常カswGAノa
RPVOMLLMLHMFFAO56CA,sq,628.81,D常カGsYaO|跋 ; D常カswGAノa
RPVOMLLMLHMFFAO56CA,sq,628.81,D常カGsYaO|跋 ; D常カswGAノa
RPVOMLLMLHMFFAO56CA,sq,628.81,D常カGsYaO|跋 ; D常カswGAノa
RPPOMLLMLHMFFAO58CA,チIq,51.39,常カG
RPPOMLLMLHMFFAO58CA,チIq,2.43,常カGㄤL
RPQOMLLMLHMFFAO68CA,チIq,47.80,常カG
RPQOMLLMLHMFFAO68CA,チIq,2.43,常カGㄤL
RPUPMLPJMHMFFAO76CA,瓣Dq,11.36,常カG坝
RPSOMLPJMHMFFAO09CA,Zq,22.81,常カG
RPSOMLPJMHMFFAO09CA,Zq,3.21,常カG
RPSOMLPJMHMFFAO09CA,Zq,1.16,常カG
RPUNMLKKMHMFFAO78CA,Zq,31.97,常カG
RPROMLKKMHMFFAO58CA,氐噩q,.08,常カG
RPROMLKKMHMFFAO58CA,Pcq,24.99,常カG
RPROMLKKMHMFFAO58CA,Pcq,.08,常カG
RPRNMLMKMHMFFAO68CA,瓣Dq,18.14,常カG坝
RPXNMLLKMHMFFAO56CA,瑾qTpq,137.00,常カG坝
RPQNMLNKMHMFFAO68CA,n打q,.21,D常カGsYaO|跋 ; D常カswG贺乜vノa
RPQNMLNKMHMFFAO68CA,n打q,.11,D常カGsYaO|跋 ; D常カswG贺乜vノa
RPQNMLNKMHMFFAO68CA,n打q,20.85,D常カGsYaO|跋 ; D常カswG贺乜vノa
RPSNMLQKMHMFFAO56CA,チIq,72.00,常カG
RPQNMLQKMHMFFAO98CA,[lq,10.40,D常カGm跋 ; D常カswGA贺乜vノa
RPQNMLQKMHMFFAO98CA,[lq,16.41,D常カGm跋 ; D常カswGA贺乜vノa
RPQNMLQKMHMFFAO98CA,[lq,55.87,D常カGm跋 ; D常カswGA贺乜vノa
RPQNMLQKMHMFFAO98CA,[lq,1.46,D常カGm跋 ; D常カswGA贺乜vノa
RPWNMLQKMHMFFAO96CA,Csq,.06,D常カGsYaO|跋 ; D常カswG贺乜vノa
RPWNMLQKMHMFFAO96CA,Csq,.40,D常カGsYaO|跋 ; D常カswG贺乜vノa
RPWNMLQKMHMFFAO96CA,Csq,.76,D常カGsYaO|跋 ; D常カswG贺乜vノa
RPWNMLQKMHMFFAO96CA,Csq,.15,D常カGsYaO|跋 ; D常カswG贺乜vノa
RPWNMLQKMHMFFAO96CA,Csq,.35,D常カGsYaO|跋 ; D常カswG贺乜vノa
RPWNMLQKMHMFFAO96CA,Csq,.37,D常カGsYaO|跋 ; D常カswG贺乜vノa
RPWNMLQKMHMFFAO96CA,Csq,.09,D常カGsYaO|跋 ; D常カswG贺乜vノa
RPWNMLQKMHMFFAO96CA,Csq,.01,D常カGsYaO|跋 ; D常カswG贺乜vノa
RPWNMLQKMHMFFAO96CA,Csq,2.79,D常カGsYaO|跋 ; D常カswG贺乜vノa
RPWNMLQKMHMFFAO96CA,Csq,.02,D常カGsYaO|跋 ; D常カswG贺乜vノa
RPWNMLQKMHMFFAO96CA,Csq,.81,D常カGsYaO|跋 ; D常カswG贺乜vノa
RPWNMLQKMHMFFAO96CA,Csq,.48,D常カGsYaO|跋 ; D常カswG贺乜vノa
RPWNMLQKMHMFFAO96CA,Csq,.53,D常カGsYaO|跋 ; D常カswG贺乜vノa
RPWNMLQKMHMFFAO96CA,Csq,3.91,D常カGsYaO|跋 ; D常カswG贺乜vノa
RPWNMLQKMHMFFAO96CA,Csq,.01,D常カGsYaO|跋 ; D常カswG贺乜vノa
RPWNMLQKMHMFFAO96CA,Csq,.09,D常カGsYaO|跋 ; D常カswG贺乜vノa
RPWNMLQKMHMFFAO96CA,Csq,.91,D常カGsYaO|跋 ; D常カswG贺乜vノa
RPWNMLQKMHMFFAO96CA,Csq,.01,D常カGsYaO|跋 ; D常カswG贺乜vノa
RPWNMLQKMHMFFAO96CA,Csq,1.04,D常カGsYaO|跋 ; D常カswG贺乜vノa
RPWNMLQKMHMFFAO96CA,Csq,2.41,D常カGsYaO|跋 ; D常カswG贺乜vノa
RPWNMLQKMHMFFAO96CA,Csq,2.99,D常カGsYaO|跋 ; D常カswG贺乜vノa
RPWNMLQKMHMFFAO96CA,Csq,.05,D常カGsYaO|跋 ; D常カswG贺乜vノa
RPWNMLQKMHMFFAO96CA,Csq,.02,D常カGsYaO|跋 ; D常カswG贺乜vノa
RPWNMLQKMHMFFAO96CA,Csq,.37,D常カGsYaO|跋 ; D常カswG贺乜vノa
RPWNMLQKMHMFFAO96CA,Csq,.08,D常カGsYaO|跋 ; D常カswG贺乜vノa
RPWNMLQKMHMFFAO96CA,Csq,1.25,D常カGsYaO|跋 ; D常カswG贺乜vノa
RPWNMLQKMHMFFAO96CA,Csq,.11,D常カGsYaO|跋 ; D常カswG贺乜vノa
RPWNMLQKMHMFFAO96CA,Csq,.59,D常カGsYaO|跋 ; D常カswG贺乜vノa
RPWNMLQKMHMFFAO96CA,Csq,.01,D常カGsYaO|跋 ; D常カswG贺乜vノa
RPWNMLQKMHMFFAO96CA,Csq,.15,D常カGsYaO|跋 ; D常カswG贺乜vノa
RPWNMLQKMHMFFAO96CA,Csq,.19,D常カGsYaO|跋 ; D常カswG贺乜vノa
RPWNMLQKMHMFFAO96CA,Csq,.97,D常カGsYaO|跋 ; D常カswG贺乜vノa
RPWNMLQKMHMFFAO96CA,Csq,1.21,D常カGsYaO|跋 ; D常カswG贺乜vノa
RPWNMLQKMHMFFAO96CA,Csq,.00,D常カGsYaO|跋 ; D常カswG贺乜vノa
RPWNMLQKMHMFFAO96CA,Csq,.02,D常カGsYaO|跋 ; D常カswG贺乜vノa
RPWNMLQKMHMFFAO96CA,Csq,.05,D常カGsYaO|跋 ; D常カswG贺乜vノa
RPWNMLQKMHMFFAO96CA,Csq,.30,D常カGsYaO|跋 ; D常カswG贺乜vノa
RPWNMLQKMHMFFAO96CA,Csq,161.86,D常カGsYaO|跋 ; D常カswG贺乜vノa
RPWNMLQKMHMFFAO96CA,Csq,4.83,D常カGsYaO|跋 ; D常カswG贺乜vノa
RPWNMLRKMHMFFAO07CA,aLq,83.48,D常カGsYaO|跋 ; D常カswG贺乜vノa
RPWNMLRKMHMFFAO07CA,aLq,38.04,D常カGsYaO|跋 ; D常カswG贺乜vノa
RPXNMLRKMHMFFAO17CA,aLq,127.15,D常カGsYaO|跋 ; D常カswG贺乜vノa
RPXNMLRKMHMFFAO17CA,aLq,38.50,D常カGsYaO|跋 ; D常カswG贺乜vノa
RPOPMLTKMHMFFAO66CA,Z钞q,51.80,常カG
RPRQMLRLMHMFFAO96CA,チDq,53.43,常カG
RPOPMLQLMHMFFAO09CA,チIq,17.09,常カG
RPPNMLNLMHMFFAO68CA,枥噩q,9.79,常カG
RPQPMLRLMHMFFAO76CA,褐Lq,207.38,D常カGSwA~跋 ; D常カswGAノa
RPXNMLKMLHMFFAO66DA,Fq,6.29,常カGㄤL
RPVOMLSKMHMFFAO37EA,Z钞q,.31,常カGㄤL
RPVOMLSKMHMFFAO37EA,Z钞q,12.67,常カGㄤL
RPVNMLQKMHMFFAO86CA,λ浆q,25.25,常カG坝
RPXNMLQKMHMFFAO07CA,Hqq,13.92,常カG
RPQOMLNKMHMFFAO78CA,_q,17.43,常カG坝
RPPNMLOKMHMFFAO68CA,辘sq,61.20,D常カGm跋 ; D常カswGA贺乜vノa
RPPNMLOKMHMFFAO68CA,辘sq,12.33,D常カGm跋 ; D常カswGA贺乜vノa
RPPNMLOKMHMFFAO68CA,辘sq,17.06,D常カGm跋 ; D常カswGA贺乜vノa
RPPNMLOKMHMFFAO68CA,辘sq,.57,D常カGm跋 ; D常カswGA贺乜vノa
RPQNMLOKMHMFFAO78CA,辘sq,.29,D常カGm跋 ; D常カswGA贺乜vノa
RPQNMLOKMHMFFAO78CA,辘sq,.29,D常カGm跋 ; D常カswGA贺乜vノa
RPQNMLOKMHMFFAO78CA,辘sq,8.53,D常カGm跋 ; D常カswGA贺乜vノa
RPQNMLOKMHMFFAO78CA,辘sq,8.53,D常カGm跋 ; D常カswGA贺乜vノa
RPQNMLOKMHMFFAO78CA,辘sq,6.17,D常カGm跋 ; D常カswGA贺乜vノa
RPQNMLOKMHMFFAO78CA,辘sq,6.17,D常カGm跋 ; D常カswGA贺乜vノa
RPQNMLOKMHMFFAO78CA,辘sq,30.29,D常カGm跋 ; D常カswGA贺乜vノa
RPQNMLOKMHMFFAO78CA,辘sq,30.29,D常カGm跋 ; D常カswGA贺乜vノa
RPPNMLMKMHMFFAO48CA,Fq,35.35,常カGㄤL
RPSOMLKKMHMFFAO68CA,いiq,42.06,D常カGsYaO|跋 ; D常カswG贺乜vノa
RPSOMLKKMHMFFAO68CA,いiq,.89,D常カGsYaO|跋 ; D常カswG贺乜vノa
RPSOMLKKMHMFFAO68CA,いiq,.05,D常カGsYaO|跋 ; D常カswG贺乜vノa
RPSOMLKKMHMFFAO68CA,いiq,1.02,D常カGsYaO|跋 ; D常カswG贺乜vノa
RPSOMLKKMHMFFAO68CA,いiq,1.89,D常カGsYaO|跋 ; D常カswG贺乜vノa
RPSOMLKKMHMFFAO68CA,いiq,.66,D常カGsYaO|跋 ; D常カswG贺乜vノa
RPSOMLKKMHMFFAO68CA,いiq,14.78,D常カGsYaO|跋 ; D常カswG贺乜vノa
RPWNMLKKMHMFFAO98CA,λ浆q,4.12,常カG
RPWNMLKKMHMFFAO98CA,λ浆q,2.69,常カG
RPPNMLTJMHMFFAO09CA,憔衄q,14.10,常カGㄤL
RPVOMLPJMHMFFAO76CA,チIq,37.12,常カG
RPVOMLPJMHMFFAO76CA,チIq,2.43,常カGㄤL
RPPOMLRJMHMFFAO98CA,_q,15.90,常カG
RPQOMLRJMHMFFAO09CA,_q,25.08,常カGㄤL
RPQOMLRJMHMFFAO09CA,_q,31.09,常カGㄤL
RPQOMLRJMHMFFAO09CA,_q,65.01,常カGㄤL
RPWOMLQJMHMFFAO96CA,[lq,38.80,常カG
RPOPMLLMLHMFFAO58CA,_q,19.07,常カGㄤL
RPRNMLPJMHMFFAO88CA,くRq,119.00,常カGu
RPVNMLLMLHMFFAO09CA,鞫q,597.22,D常カGm跋 ; D常カswGA贺乜vノa
RPVNMLLMLHMFFAO09CA,鞫q,597.22,D常カGm跋 ; D常カswGA贺乜vノa
RPVNMLLMLHMFFAO09CA,鞫q,597.22,D常カGm跋 ; D常カswGA贺乜vノa
RPWNMLLMLHMFFAO56CA,s懂q,60.12,D常カGm跋 ; D常カswGA贺乜vノa
RPPOMLKMLHMFFAO48CA,邾熏q,14.52,常カG
RPUOMLKMLHMFFAO98CA,Zq,1.66,常カG
RPVOMLKMLHMFFAO09CA,aLq,277.13,D常カGsYaO|跋 ; D常カswGB贺乜vノa
RPWOMLKMLHMFFAO56CA,aLq,326.75,D常カGsYaO|跋 ; D常カswGB贺乜vノa
RPXOMLKMLHMFFAO66CA,Zq,1.66,常カG
RPOPMLKMLHMFFAO48CA,Fsq@pq,.64,常カG
RPOPMLKMLHMFFAO48CA,Fsq@pq,14.88,常カGㄤL
RPPPMLQJMHMFFAO98CA,鳏sq,29.76,常カG
RPQOMLPJMHMFFAO88CA,Zq,38.33,常カG
RPVPMLPJMHMFFAO86CA,瓣Dq,15.39,常カG坝
RPRPMLPJMHMFFAO09CA,地q,16.00,常カG
RPUOMLSJMHMFFAO96CA,Zq,18.86,常カG坝
RPVOMLSJMHMFFAO07CA,Zq,17.10,常カG坝
RPWOMLSJMHMFFAO17CA,Zq,18.86,常カG坝
RPSNMLMKMHMFFAO78CA,Kq,31.51,常カG
RPTNMLQKMHMFFAO66CA,褐Lq,21.22,常カG
RPUNMLQKMHMFFAO76CA,瓣Dq,21.83,常カG
RPSNMLPKMHMFFAO09CA,い懂q,2.19,常カGㄤL
RPSNMLPKMHMFFAO09CA,い懂q,18.58,常カG
RPOOMLQKMHMFFAO88CA,瓣Dq,11.42,常カG坝
RPXPMLSKMHMFFAO47CA,_q,26.86,常カG
RPQOMLTKMHMFFAO76CA,Zq,13.65,常カG坝
RPOQMLOLMHMFFAO98CA,い地q,63.00,常カGㄤL
RPQNMLMLMHMFFAO68CA,Z钞q,17.28,常カG
